inst_id,institution,segment,account_group,account_types,florida,trust_account_offered,trust_account_offered_detail,trust_account_offered_quote,trust_account_offered_account_type,trust_account_offered_page,trust_account_offered_source_url,trust_account_offered_form_number,trust_account_offered_revision_date,trust_account_offered_wayback_capture,trust_account_offered_retrieved,certification_accepted,certification_accepted_detail,certification_accepted_quote,certification_accepted_account_type,certification_accepted_page,certification_accepted_source_url,certification_accepted_form_number,certification_accepted_revision_date,certification_accepted_wayback_capture,certification_accepted_retrieved,full_instrument_required,full_instrument_required_detail,full_instrument_required_quote,full_instrument_required_account_type,full_instrument_required_page,full_instrument_required_source_url,full_instrument_required_form_number,full_instrument_required_revision_date,full_instrument_required_wayback_capture,full_instrument_required_retrieved,pages_required,pages_required_detail,pages_required_quote,pages_required_account_type,pages_required_page,pages_required_source_url,pages_required_form_number,pages_required_revision_date,pages_required_wayback_capture,pages_required_retrieved,trustee_signatures,trustee_signatures_detail,trustee_signatures_quote,trustee_signatures_account_type,trustee_signatures_page,trustee_signatures_source_url,trustee_signatures_form_number,trustee_signatures_revision_date,trustee_signatures_wayback_capture,trustee_signatures_retrieved,trustee_id,trustee_id_detail,trustee_id_quote,trustee_id_account_type,trustee_id_page,trustee_id_source_url,trustee_id_form_number,trustee_id_revision_date,trustee_id_wayback_capture,trustee_id_retrieved,tax_id,tax_id_detail,tax_id_quote,tax_id_account_type,tax_id_page,tax_id_source_url,tax_id_form_number,tax_id_revision_date,tax_id_wayback_capture,tax_id_retrieved,successor_trustee_proof,successor_trustee_proof_detail,successor_trustee_proof_quote,successor_trustee_proof_account_type,successor_trustee_proof_page,successor_trustee_proof_source_url,successor_trustee_proof_form_number,successor_trustee_proof_revision_date,successor_trustee_proof_wayback_capture,successor_trustee_proof_retrieved,grantor_death,grantor_death_detail,grantor_death_quote,grantor_death_account_type,grantor_death_page,grantor_death_source_url,grantor_death_form_number,grantor_death_revision_date,grantor_death_wayback_capture,grantor_death_retrieved,trustee_change,trustee_change_detail,trustee_change_quote,trustee_change_account_type,trustee_change_page,trustee_change_source_url,trustee_change_form_number,trustee_change_revision_date,trustee_change_wayback_capture,trustee_change_retrieved
ins-allianz-life,Allianz Life Insurance Company of North America,insurer,annuity,Trust-owned annuity contracts,no,yes,"transfer to a trust owner (SFAL0013, 10/2023); Entity Customer Information and Non-Individual Ownership forms also needed","If a trust is designated as the new owner, please provide an Entity Customer Information form and a completed certification of trust or appropriate pages of the trust reflecting the name of the trust and acting trustee(s). For annuity contracts, a Non-Individual Ownership form must also be completed.",Trust-owned annuity contracts,1,https://www.allianzlife.com/-/media/files/global/documents/2021/07/20/13/21/sfal0013.pdf,SFAL0013,2023-10,,2026-09-24,yes,Allianz Certification of Trust form NBAL0049 (6/2022),a completed certification of trust or appropriate pages of the trust reflecting the name of the trust and acting trustee(s),Trust-owned annuity contracts,1,https://www.allianzlife.com/-/media/files/global/documents/2021/07/20/13/21/sfal0013.pdf,SFAL0013,2023-10,,2026-09-24,no,certification or excerpt pages,a completed certification of trust or appropriate pages of the trust reflecting the name of the trust and acting trustee(s),Trust-owned annuity contracts,1,https://www.allianzlife.com/-/media/files/global/documents/2021/07/20/13/21/sfal0013.pdf,SFAL0013,2023-10,,2026-09-24,yes,"2015 form S2263, pages with trust name, date, trustee and successor trustee names, signature page; 2023 form, pages showing trust name and acting trustee(s)","If you are designating a trust on a nonqualified annuity contract, please provide a copy of the trust pages that include the name of the trust, the date of the trust, the names of the trustee and successor trustee, and signature page.",Trust-owned annuity contracts,2,https://www.allianzlife.com/~/media/files/global/documents/2016/05/09/17/33/s2263.pdf,S2263,2015-03,,2026-09-24,yes,"all trustees sign the certification; the certification also records whether trustees act together, independently or by majority","If multiple Trustees, ALL Trustees must sign, even if Trustee can act independently.",Trust-owned annuity contracts,3,https://www.allianzlife.com/-/media/files/global/documents/2018/01/23/19/42/nbal0049.pdf,NBAL0049,2022-06,,2026-09-24,not stated,,,,,,,,,,yes,trust TIN or SSN on the certification; S2263 asks SSN or EIN if the owner is a trust,Trust Tax Identification number/Social Security number,Trust-owned annuity contracts,1,https://www.allianzlife.com/-/media/files/global/documents/2018/01/23/19/42/nbal0049.pdf,NBAL0049,2022-06,,2026-09-24,not stated,,,,,,,,,,not stated,,,,,,,,,,yes,trustees must notify Allianz in writing; Allianz may rely on the certification until notified,"The Trustee agrees to notify Allianz Life Insurance Company of North America (Allianz) in writing of any amendments to the Trust, any changes in the composition of the trustees or any other event that may alter the certifications",Trust-owned annuity contracts,3,https://www.allianzlife.com/-/media/files/global/documents/2018/01/23/19/42/nbal0049.pdf,NBAL0049,2022-06,,2026-09-24
ins-american-equity,American Equity Investment Life Insurance Company,insurer,annuity,American Equity annuity owned by a trust (Ownership Change form),no,yes,a trust may become owner,"Trusts: If a trust is the new owner, the trustee must sign for the new owner in his/her capacity as trustee",American Equity annuity owned by a trust (Ownership Change form),7,https://media.american-equity.com/Documents/014039.pdf,,,2025-04-23,2026-09-24,yes,"American Equity's Certification of Trust Agreement, together with trust pages",along with the Certification of Trust Agreement form,American Equity annuity owned by a trust (Ownership Change form),7,https://media.american-equity.com/Documents/014039.pdf,,,2025-04-23,2026-09-24,no,full trust or excerpts plus certification,"must submit to American Equity either (1) a full copy of the trust or (2) the first page and all signature pages of the trust, along with the Certification of Trust Agreement form.",American Equity annuity owned by a trust (Ownership Change form),7,https://media.american-equity.com/Documents/014039.pdf,,,2025-04-23,2026-09-24,yes,first page and all signature pages,"the first page and all signature pages of the trust, along with the Certification of Trust Agreement form",American Equity annuity owned by a trust (Ownership Change form),7,https://media.american-equity.com/Documents/014039.pdf,,,2025-04-23,2026-09-24,yes,trustee signs in trustee capacity; all co-trustees not stated,the trustee must sign for the new owner in his/her capacity as trustee,American Equity annuity owned by a trust (Ownership Change form),7,https://media.american-equity.com/Documents/014039.pdf,,,2025-04-23,2026-09-24,not stated,,,,,,,,,,not stated,,,,,,,,,,not stated,,,,,,,,,,not stated,,,,,,,,,,not stated,,,,,,,,,
ins-athene,Athene Annuity and Life Company,insurer,annuity,"Athene annuity owned by a trust; Legacy annuity and life contracts of Athene Annuity & Life Assurance Company owned by a trust (N1226, V1220)",no,yes,trust verification form listed among policy change forms next to the ownership change form; form text not saved,Trust Verification Form ... Change of Ownership Form,Athene annuity owned by a trust,web page,https://www.athene.com/support/service-forms,,,,2026-09-24,yes,"Athene's own Trust Verification (16541T, not saved) for a trust owner","If the owner is a Trust, submit a Trust Verification Request (Form 16541T), if you have not already done so.",Athene annuity owned by a trust,1,https://files.ipipeline.com/AALAC/13977T.pdf,13977T,2024-11,,2026-09-24,no,the verification form is relied on; the instrument is not requested,may rely solely on this Verification and the information provided for policy/contract administration purposes and the Company has no obligation to investigate the terms of the Trust,"Legacy annuity and life contracts of Athene Annuity & Life Assurance Company owned by a trust (N1226, V1220)",2,https://files.ipipeline.com/AALAC/N-1226-Trust-Verification-2-14.pdf,N1226,,,2026-09-24,not stated,,,,,,,,,,yes,a trustee signs as owner with title; how many trustees must sign is on the (unsaved) 16541T,Owner/Trustee Signature ... Owner Title (if Trust or Corporation),Athene annuity owned by a trust,4,https://files.ipipeline.com/AALAC/13977T.pdf,13977T,2024-11,,2026-09-24,not stated,,,,,,,,,,yes,"trust EIN, or the first settlor's SSN if none","The Trust does not have a separate taxpayer identification number. Thus, the personal taxpayer identification number of the FIRST Settlor/Grantor listed below should be used","Legacy annuity and life contracts of Athene Annuity & Life Assurance Company owned by a trust (N1226, V1220)",1,https://files.ipipeline.com/AALAC/N-1226-Trust-Verification-2-14.pdf,N1226,,,2026-09-24,not stated,,,,,,,,,,not stated,,,,,,,,,,yes,updated Trust Verification when the trust changes,"If you are designating a Trust as your beneficiary, signing as a Trustee, or if there have been changes to the Trust, please submit an updated Trust Verification (Form 16541T).",Athene annuity owned by a trust,1,https://files.ipipeline.com/AALAC/13977T.pdf,13977T,2024-11,,2026-09-24
ins-equitable,Equitable Financial Life Insurance Company (formerly AXA Equitable),insurer,annuity,"Trust-owned annuity contracts (Accumulator, Retirement Cornerstone, SCS, Investment Edge, EQUI-VEST; Certification of Trust E15224)",no,yes,trust-owned contracts with Equitable's Certification of Trust,"I/We have the authority under the Trust (acting alone or with other Trustees as noted in Section 1) and applicable law to enter into transactions, issue instructions on this account for, and at the risk of the Trust","Trust-owned annuity contracts (Accumulator, Retirement Cornerstone, SCS, Investment Edge, EQUI-VEST; Certification of Trust E15224)",1,https://portal.equitable.com/appentry/EDoxRedirect?node_id=65119797,E15224,2024-01,,2026-09-24,yes,"Equitable's own form E15224 (01/24), trust name, date and amendment dates, TIN, grantors, trustees, trust beneficiaries",The information and statements contained in this Certification of Trust are true and correct.,"Trust-owned annuity contracts (Accumulator, Retirement Cornerstone, SCS, Investment Edge, EQUI-VEST; Certification of Trust E15224)",2,https://portal.equitable.com/appentry/EDoxRedirect?node_id=65119797,E15224,2024-01,,2026-09-24,not stated,,,,,,,,,,not stated,,,,,,,,,,yes,notarized trustee signatures; the trustees state whether all or only named trustees must sign,"Applicable Trustee(s) must sign and have the signature(s) notarized. ... All of the currently acting Trustees are required to sign in order to exercise the powers of the Trustees. ... If more than one individual Trustee, all should sign. If Corporate and Individual Co-Trustees, both should sign","Trust-owned annuity contracts (Accumulator, Retirement Cornerstone, SCS, Investment Edge, EQUI-VEST; Certification of Trust E15224)",1,https://portal.equitable.com/appentry/EDoxRedirect?node_id=65119797,E15224,2024-01,,2026-09-24,yes,"trustee SSN, date of birth and government ID; each trustee must be a U.S. person","Trustee(s) Social Security Number(s) ... Trustee(s) Date of Birth ... Government Issued ID, Type & Number","Trust-owned annuity contracts (Accumulator, Retirement Cornerstone, SCS, Investment Edge, EQUI-VEST; Certification of Trust E15224)",1,https://portal.equitable.com/appentry/EDoxRedirect?node_id=65119797,E15224,2024-01,,2026-09-24,yes,"trust TIN; for a grantor trust, the reporting TIN; W-9 required","Trust Taxpayer Identification Number (TIN) ... If yes, please provide the names of the grantors for tax purposes and provide the TIN Equitable should use to report to the IRS. ... IRS Form W-9 is attached and must be completed.","Trust-owned annuity contracts (Accumulator, Retirement Cornerstone, SCS, Investment Edge, EQUI-VEST; Certification of Trust E15224)",1,https://portal.equitable.com/appentry/EDoxRedirect?node_id=65119797,E15224,2024-01,,2026-09-24,not stated,,,,,,,,,,not stated,,,,,,,,,,yes,"written notice of changes, e.g. a change of trustees",I/We will inform us in writing of any changes to these certifications (such as a change of Trustees).,"Trust-owned annuity contracts (Accumulator, Retirement Cornerstone, SCS, Investment Edge, EQUI-VEST; Certification of Trust E15224)",2,https://portal.equitable.com/appentry/EDoxRedirect?node_id=65119797,E15224,2024-01,,2026-09-24
ins-fg,F&G Annuities & Life (Fidelity & Guaranty Life Insurance Company),insurer,annuity,F&G annuity contract owned by a trust,no,yes,a trust may own the contract; a Non-Natural Owner Acknowledgement form is required on transfer to a trust,"If the new owner is a TRUST, a Non-Natural Owner Acknowledgement form must be completed an accompany this",F&G annuity contract owned by a trust,2,https://assets.fglife.com/is/content/fglife/ad-reviewed-materials/admin/admin0000s/ADMIN0177%20Transfer%20of%20ownership%20-%20Change%20of%20Beneficiary.pdf,,2015-10,,2026-09-24,not stated,,,,,,,,,,not stated,,,,,,,,,,not stated,,,,,,,,,,yes,"all trustees sign with title ""trustee"" (beneficiary change and disbursement forms)","Trust - All trustee(s) must sign with title ""trustee"" according to the terms of the Trust Agreement.",F&G annuity contract owned by a trust,1,https://assets.fglife.com/is/content/fglife/ad-reviewed-materials/admin/admin5700s/ADMIN5742%20Change%20of%20Beneficiary%20Request.pdf,,2018-09,,2026-09-24,not stated,,,,,,,,,,not stated,,,,,,,,,,not stated,,,,,,,,,,not stated,,,,,,,,,,not stated,,,,,,,,,
fidelity,Fidelity Investments (Fidelity Brokerage Services LLC),brokerage,annuity,Annuity contract owned by a trust (ownership change to trust),no,yes,"nonqualified contracts only; FPRA/FDRA, grantor sole annuitant and owning trust sole beneficiary; a living person must be sole annuitant",Use this form to change the ownership of an annuity contract to a TRUST. ... change the owner of a qualified annuity ... Trust-owned contracts must have the grantor as the sole,Annuity contract owned by a trust (ownership change to trust),1,https://www.fidelity.com/bin-public/060_www_fidelity_com/documents/customer-service/annuities-ownership-change-to-trust.pdf,1.954131.108,2025-10,,2026-09-24,yes,trustee certifications on Fidelity's own form,Accept that this form supersedes any ... previously provided certifications. ... Certify that all trustees of this trust are ... named in this form.,Annuity contract owned by a trust (ownership change to trust),5,https://www.fidelity.com/bin-public/060_www_fidelity_com/documents/customer-service/annuities-ownership-change-to-trust.pdf,1.954131.108,2025-10,,2026-09-24,not stated,,,,,,,,,,not stated,,,,,,,,,,yes,"all trustees sign; notarized for trusts governed by CA, DE, ID, IA, KS, MI, MN, MS, NE, NV, SD, TN, VT; current owner needs Medallion guarantee; each trustee may act independently","All current contract owners and authorized trustees must sign and date. ... All trustee signatures MUST be notarized if your trust is governed by the laws of California, Delaware,",Annuity contract owned by a trust (ownership change to trust),4,https://www.fidelity.com/bin-public/060_www_fidelity_com/documents/customer-service/annuities-ownership-change-to-trust.pdf,1.954131.108,2025-10,,2026-09-24,yes,"name, SSN/TIN, date of birth, address for each trustee",First Name M.I. Last Name Social Security or Taxpayer ID Number ... Date of Birth MM DD YYYY,Annuity contract owned by a trust (ownership change to trust),2,https://www.fidelity.com/bin-public/060_www_fidelity_com/documents/customer-service/annuities-ownership-change-to-trust.pdf,1.954131.108,2025-10,,2026-09-24,yes,trust TIN required; grantor and date of trust also asked,Trust Name U.S. Taxpayer ID Number,Annuity contract owned by a trust (ownership change to trust),1,https://www.fidelity.com/bin-public/060_www_fidelity_com/documents/customer-service/annuities-ownership-change-to-trust.pdf,1.954131.108,2025-10,,2026-09-24,not stated,,,,,,,,,,not stated,,,,,,,,,,not stated,,,,,,,,,
ins-global-atlantic,Global Atlantic Financial Group (Forethought Life),insurer,annuity,Forethought Life annuity owned by a trust,no,yes,trust owners accepted; trust must be the beneficiary; annuitant cannot be changed on a non-natural owner's contract,"Owner's Name (first, middle, last or trust/entity) ... For contracts with a Trust as the Owner, the Trust must be listed as the Beneficiary.",Forethought Life annuity owned by a trust,1,https://www.globalatlantic.com/content/dam/global-atlantic/corporate-agnostic/pdfs/fa5014-change-of-beneficiary-form.pdf,FA5014-06,,,2026-09-24,yes,insurer's own Trustee Certification and Indemnity form (not saved),"If the owner is listed as a Trust, you must submit Trustee Certification and Indemnity form if not already on file with the Company.",Forethought Life annuity owned by a trust,3,https://www.globalatlantic.com/content/dam/global-atlantic/corporate-agnostic/pdfs/fa5014-change-of-beneficiary-form.pdf,FA5014-06,,,2026-09-24,not stated,,,,,,,,,,not stated,,,,,,,,,,yes,a trustee signs as owner; co-trustee line,"If the contract is owned by a trust, a trustee must sign as an owner. ... Joint Owner/POA/Co-Trustee Signature (if applicable)",Forethought Life annuity owned by a trust,3,https://www.globalatlantic.com/content/dam/global-atlantic/corporate-agnostic/pdfs/fa5014-change-of-beneficiary-form.pdf,FA5014-06,,,2026-09-24,not stated,,,,,,,,,,not stated,,,,,,,,,,not stated,,,,,,,,,,not stated,,,,,,,,,,not stated,,,,,,,,,
ins-jackson,Jackson National Life Insurance Company,insurer,annuity,Jackson nonqualified annuity owned by a trust,no,yes,irrevocable and living trusts listed; guide warns revocable trust ownership can lose spousal continuation and nonqualified stretch,Most trusts are eligible to own nonqualified annuity contracts. ... Owner: Irrevocable trust,Jackson nonqualified annuity owned by a trust,2,https://www.jackson.com/content/dam/jacksoncom/pdf/client-conversation-resources/cuv21196v0621-benefits-of-trust-owned-annuities.pdf,CUV21196,2021-06,2021-09-20,2026-09-24,not stated,,,,,,,,,,not stated,,,,,,,,,,not stated,,,,,,,,,,not stated,,,,,,,,,,not stated,,,,,,,,,,not stated,,,,,,,,,,not stated,,,,,,,,,,yes,death claim triggered by the annuitant's death (annuitant is the beneficial owner if applicable); trust beneficiary limited to lump sum or out in five,"When a trust owns an annuity, the death of the annuitant triggers the death claim.",Jackson nonqualified annuity owned by a trust,9,https://www.jackson.com/pdf/xadv7984.pdf,XADV7984,2025-04,,2026-09-24,not stated,,,,,,,,,
ins-john-hancock,John Hancock Life Insurance Company (U.S.A.),insurer,annuity,Trust-owned John Hancock annuity,no,yes,"yes, trust may own the contract","If the owner is changed to a trust or other entity, the new owner must also complete our Certificate for trust or entity ownership form (130797)",Trust-owned John Hancock annuity,1,https://www.johnhancock.com/content/dam/onejohnhancock/pdfs/annuities-forms/change%20of%20owner%20and%20or%20beneficiary%20form.pdf,,2024-10,2025-04-08,2026-09-24,yes,John Hancock Certificate for trust or entity ownership form 130797 required,"If the owner is changed to a trust or other entity, the new owner must also complete our Certificate for trust or entity ownership form (130797) and submit it with this form.",Trust-owned John Hancock annuity,1,https://www.johnhancock.com/content/dam/onejohnhancock/pdfs/annuities-forms/change%20of%20owner%20and%20or%20beneficiary%20form.pdf,,2024-10,2025-04-08,2026-09-24,not stated,,,,,,,,,,not stated,,,,,,,,,,yes,"all trustees sign, checking the ""Trustee"" title box",All trustees must sign if the contract is owned by a trust.,Trust-owned John Hancock annuity,2,https://www.johnhancock.com/content/dam/onejohnhancock/pdfs/annuities-forms/change%20of%20owner%20and%20or%20beneficiary%20form.pdf,,2024-10,2025-04-08,2026-09-24,not stated,,,,,,,,,,yes,"trust TIN, trust date and tax classification (trust) for the new owner",Tax classification for contract owners that are not individuals ... Provide complete name and date of trust (if applicable),Trust-owned John Hancock annuity,3,https://www.johnhancock.com/content/dam/onejohnhancock/pdfs/annuities-forms/change%20of%20owner%20and%20or%20beneficiary%20form.pdf,,2024-10,2025-04-08,2026-09-24,not stated,,,,,,,,,,not stated,,,,,,,,,,not stated,,,,,,,,,
ins-lincoln,Lincoln Financial (Lincoln National Life),insurer,annuity,Lincoln annuity owned by a trust,no,yes,signature line for a trustee as contract owner on the beneficiary change form; no trust ownership documentation rules saved,Contract Owner/Trustee's Signature,Lincoln annuity owned by a trust,2,https://www.lincolnfinancial.com/pbl-static/pdf/28493.pdf,,2025-10,,2026-09-24,not stated,,,,,,,,,,not stated,,,,,,,,,,not stated,,,,,,,,,,not stated,,,,,,,,,,not stated,,,,,,,,,,not stated,,,,,,,,,,not stated,,,,,,,,,,yes,"trust-owned contract, the annuitant's death is the owner's death and the death benefit goes to the beneficiary; no contingent annuitant (Lincoln Level Advantage Advisory prospectus, product-specific)","If the Contractowner is a corporation or other non-individual (non-natural person), the death of the Annuitant will be treated as death of the Contractowner. ... The Contractowner is a trust or ... No contingent Annuitant allowed",Lincoln annuity owned by a trust,41,https://www.lincolnfinancial.com/public/microsite/pdf/LLAVA-P-LAADV-FINAL.pdf,,2022-05,,2026-09-25,not stated,,,,,,,,,
ins-massmutual,Massachusetts Mutual Life Insurance Company (MassMutual),insurer,annuity,MassMutual Ascend annuity owned by a trust; MassMutual annuity owned by a trust (Annuity Contract Change Request),no,yes,trust may own non-qualified annuities (sole owner); qualified contracts only as inherited IRA or employer plan trust,"when submitting new business where a trust is named as the owner of the annuity, or when requesting a change of ownership into or out of a trust ... We will not issue an IRA or other qualified contract to a trust unless the contract is an inherited IRA, or the trust is part of an employer retirement plan.",MassMutual Ascend annuity owned by a trust,1,https://mybusiness.massmutualascend.com/docs/default-source/default-document-library/forms/policyholder-forms/x6017907nw.pdf?sfvrsn=781a46de_33,X6017907NW,2025-01-16,,2026-09-24,yes,insurer's own Trust Certification and Agreement (X6017907NW); Inherited Contract Addendum (X6057518NW) for inherited contracts,Trust Certification (X6017907NW Rev. 1/16/2025 or later): To be completed for all trusts.,MassMutual Ascend annuity owned by a trust,1,https://mybusiness.massmutualascend.com/docs/default-source/default-document-library/forms/policyholder-forms/x6017907nw.pdf?sfvrsn=781a46de_33,X6017907NW,2025-01-16,,2026-09-24,no,trust document is not to be sent; if sent it goes to the Legal Department and delays processing,"Do not send us the trust document. If we receive the trust document, we are not allowed to rely on a Trust Certification that is inconsistent with the terms of the trust.",MassMutual Ascend annuity owned by a trust,1,https://mybusiness.massmutualascend.com/docs/default-source/default-document-library/forms/policyholder-forms/x6017907nw.pdf?sfvrsn=781a46de_33,X6017907NW,2025-01-16,,2026-09-24,yes,"excerpts naming trustees and conferring powers, on request only","On request, each trustee agrees to furnish a copy of excerpts from the trust document that designate the trustee(s), confer the power to act with respect to an annuity contract or life insurance policy, and confirm information in this certification.",MassMutual Ascend annuity owned by a trust,5,https://mybusiness.massmutualascend.com/docs/default-source/default-document-library/forms/policyholder-forms/x6017907nw.pdf?sfvrsn=781a46de_33,X6017907NW,2025-01-16,,2026-09-24,yes,"generally all trustees sign the certification; other paperwork per the co-trustee authority checked (single, independent, majority, joint)","Generally, all trustees should sign the Trust Certificate form(s). Some trusts require all trustees to sign all paperwork ... A trustee should write ""Trustee"" or ""TTEE"" after his or her signature.",MassMutual Ascend annuity owned by a trust,1,https://mybusiness.massmutualascend.com/docs/default-source/default-document-library/forms/policyholder-forms/x6017907nw.pdf?sfvrsn=781a46de_33,X6017907NW,2025-01-16,,2026-09-24,yes,"ID type, number, state and expiration for each trustee; photocopy may be required",We generally require that all co-Trustees sign this form and provide verification of identification (as required by Section 326 of USA Patriot Act).,MassMutual Ascend annuity owned by a trust,6,https://mybusiness.massmutualascend.com/docs/default-source/default-document-library/forms/policyholder-forms/x6017907nw.pdf?sfvrsn=781a46de_33,X6017907NW,2025-01-16,,2026-09-24,yes,trust EIN unless revocable or grantor-type trust (living grantor's SSN allowed); never a deceased person's SSN,IRS Tax ID# for trust unless trust is revocable or a grantor-type trust ... A trust (or subtrust) may use the SSN of a living grantor or trust owner only if the grantor can revoke the trust or if the trust is an irrevocable grantor-type trust. A trust can never use a deceased person's SSN.,MassMutual Ascend annuity owned by a trust,5,https://mybusiness.massmutualascend.com/docs/default-source/default-document-library/forms/policyholder-forms/x6017907nw.pdf?sfvrsn=781a46de_33,X6017907NW,2025-01-16,,2026-09-24,not stated,,,,,,,,,,yes,certification records each grantor's date of death and any subtrust division (subtrust name then used on forms); trust needs its own TIN; distribution to trust beneficiaries on form X6057118NW,"A grantor is deceased, but there is still a living grantor: the trust has divided into ... A trust can never use a deceased person's SSN. ... If current owner is a trust and new owner is a trust beneficiary, complete Trust Certification Change of Ownership to Trust Beneficiaries (Form X6057118NW).",MassMutual Ascend annuity owned by a trust,4,https://mybusiness.massmutualascend.com/docs/default-source/default-document-library/forms/policyholder-forms/x6017907nw.pdf?sfvrsn=781a46de_33,X6017907NW,2025-01-16,,2026-09-24,yes,a new trust certification is required when trustees change,"Each trustee agrees to update this certificate at any time that there is a change that makes any statement in this certificate incorrect. ... may rely on this trust certification until the MassMutual Ascend receives a new certification, on its form or in a manner satisfactory to it, advising it of any changes related to the trust or the trustee(s).",MassMutual Ascend annuity owned by a trust,5,https://mybusiness.massmutualascend.com/docs/default-source/default-document-library/forms/policyholder-forms/x6017907nw.pdf?sfvrsn=781a46de_33,X6017907NW,2025-01-16,,2026-09-24
ins-metlife,MetLife (Metropolitan Life Insurance Company),insurer,annuity,MetLife individual annuity owned by a trust (Beneficiary Change form),no,yes,"the form contemplates trust-owned contracts, owner section asks the trust's execution date; trustee signs with title","Date of Execution of Trust (If applicable) ... Signature of Owner and Title (If applicable, i.e. Trustee)",MetLife individual annuity owned by a trust (Beneficiary Change form),1,https://eforms.metlife.com/wcm8/PDFFiles/49031.pdf,,2024-11,2025-05-28,2026-09-24,not stated,,,,,,,,,,not stated,,,,,,,,,,not stated,,,,,,,,,,not stated,,,,,,,,,,not stated,,,,,,,,,,not stated,,,,,,,,,,not stated,,,,,,,,,,not stated,,,,,,,,,,not stated,,,,,,,,,
ins-new-york-life,New York Life Insurance Company,insurer,annuity,"Trust-owned annuities (form 21132 12/2023; older annuity Transfer of Ownership form 18518 02/2018, non-qualified contracts only)",no,yes,"non-qualified annuities only; registration ""[trustee], trustee under [title and date of trust]""; transfer to a trust ""may result in a loss of tax deferred status""; a testamentary trustee generally should not be named successor owner","A Trust: Insert the name of the trustee followed by the words ""trustee under"" and the proper title and date of the trust. ... You may transfer ownership only if the policy is issued as a Non-Qualified Plan Policy.","Trust-owned annuities (form 21132 12/2023; older annuity Transfer of Ownership form 18518 02/2018, non-qualified contracts only)",2,https://www.newyorklife.com/bin/nyl/api.forms/formslibrary/static/18518.pdf,18518,2018-02,,2026-09-24,yes,"the owner checks New York Life's own trust statement (trustee authority to pay premiums, no limits on ownership rights) and an assisting agent may certify review of the trust; the excerpt pages are still required",Statement Regarding Trust as Owner ... the Trust Agreement created by the Grantor as shown above (and the trust date shown above) agrees with the following ... I attest that I have reviewed the identifying trust/business document(s),"Trust-owned annuities (form 21132 12/2023; older annuity Transfer of Ownership form 18518 02/2018, non-qualified contracts only)",5,https://www.newyorklife.com/bin/nyl/api.forms/formslibrary/static/22600.pdf,22600,2026-09,,2026-09-24,yes,excerpts at transfer; the full trust on request,New York Life or its subsidiaries reserves the right to request the entire trust document.,"Trust-owned annuities (form 21132 12/2023; older annuity Transfer of Ownership form 18518 02/2018, non-qualified contracts only)",5,https://www.newyorklife.com/bin/nyl/api.forms/formslibrary/static/22600.pdf,22600,2026-09,,2026-09-24,yes,"title, signature and notary pages plus trustee and successor trustee pages","A copy of the Title, Signature, and Notary pages of the trust agreement, including the pages showing the trustee and successor trustee information is required.","Trust-owned annuities (form 21132 12/2023; older annuity Transfer of Ownership form 18518 02/2018, non-qualified contracts only)",5,https://www.newyorklife.com/bin/nyl/api.forms/formslibrary/static/22600.pdf,22600,2026-09,,2026-09-24,yes,"all required trustees sign with ""trustee"" after the signature (same when a trust is the current owner); the grantor also signs","Where the New Owner is a trust, provide the signatures of all required trustees. ... The designation trustee must follow the trustee's signature.","Trust-owned annuities (form 21132 12/2023; older annuity Transfer of Ownership form 18518 02/2018, non-qualified contracts only)",7,https://www.newyorklife.com/bin/nyl/api.forms/formslibrary/static/22600.pdf,22600,2026-09,,2026-09-24,not stated,,,,,,,,,,not stated,,,,,,,,,,not stated,,,,,,,,,,not stated,,,,,,,,,,not stated,,,,,,,,,
ins-pacific-life,Pacific Life Insurance Company,insurer,annuity,Trust-owned annuity contracts,no,yes,non-qualified contracts may be owned by a trust; beneficiary is then changed to the trust as well,"If changing the owner of the nonqualified contract to a trust, attach a completed Trustee Certification and Disclosure form. ... If the owner is updated to a trust, the beneficiary will also be updated to the trust.",Trust-owned annuity contracts,1,https://www.pacificlife.com/content/dam/paclife/rsd/annuities/public/forms/maintenance/w25065.pdf,,,,2026-09-24,yes,Pacific Life's own Trustee Certification and Disclosure form (not saved),attach a completed Trustee Certification and Disclosure form,Trust-owned annuity contracts,2,https://www.pacificlife.com/content/dam/paclife/rsd/annuities/public/forms/maintenance/w25065.pdf,,,,2026-09-24,not stated,,,,,,,,,,not stated,,,,,,,,,,not stated,,,,,,,,,,not stated,,,,,,,,,,not stated,,,,,,,,,,not stated,,,,,,,,,,not stated,,,,,,,,,,not stated,,,,,,,,,
ins-principal,Principal Life Insurance Company,insurer,annuity,Principal annuity owned by a trust,no,yes,a trust may be the owner on the annuity application (trust date asked),"Owner is a/an: Individual Trust Custodian/POA UTMA/UGMA ... Full name (first, middle, last) Trust date (if applicable)",Principal annuity owned by a trust,web page,https://www.sec.gov/Archives/edgar/data/9712/000110465924057237/tm2330807d8_ex4-v.htm,,,,2026-09-24,not stated,,,,,,,,,,not stated,,,,,,,,,,not stated,,,,,,,,,,not stated,,,,,,,,,,not stated,,,,,,,,,,not stated,,,,,,,,,,not stated,,,,,,,,,,yes,"trust-owned contract, the annuitant's death is the owner's death (death benefit to the beneficiaries); no replacement annuitant; Principal Freedom prospectus (2016), product-specific","If an annuitant who is not an owner dies while the Contract is in force, a new annuitant may be named unless the owner is a corporation, trust or other entity. ... If the owner of the contract is not a natural person, the annuitant's death is treated as the death of the owner.",Principal annuity owned by a trust,52,https://www.principal.com/retirement/ind/rf668a.pdf,UHHGRP60,2016-04,,2026-09-25,not stated,,,,,,,,,
ins-protective,Protective Life Insurance Company,insurer,annuity,Protective annuity owned by a trust (VA application checklist),no,yes,trust ownership type on the application; subject to approval,"For Trust Owners, a copy of the Trustee Certification or Trust Document is required",Protective annuity owned by a trust (VA application checklist),1,https://www.lad3.protective.com/protectivelife/forms/pdf/RIA_IBAVA-AppPkt-TN.pdf,ANB-2175,2026-07,,2026-09-25,yes,trustee certification accepted,"For Trust Owners, a copy of the Trustee Certification or Trust Document is required",Protective annuity owned by a trust (VA application checklist),1,https://www.lad3.protective.com/protectivelife/forms/pdf/RIA_IBAVA-AppPkt-TN.pdf,ANB-2175,2026-07,,2026-09-25,no,certification or trust document,"For Trust Owners, a copy of the Trustee Certification or Trust Document is required",Protective annuity owned by a trust (VA application checklist),1,https://www.lad3.protective.com/protectivelife/forms/pdf/RIA_IBAVA-AppPkt-TN.pdf,ANB-2175,2026-07,,2026-09-25,not stated,,,,,,,,,,not stated,,,,,,,,,,not stated,,,,,,,,,,not stated,,,,,,,,,,not stated,,,,,,,,,,not stated,,,,,,,,,,not stated,,,,,,,,,
ins-prudential,"Prudential Financial (Pruco Life, Prudential Annuities, The Prudential Insurance Company of America)",insurer,annuity,Trust-owned annuities (Owner Authorization Form ORD 310049 Ed. 8/22; annuity forms page; BCO form for trust beneficial owners),no,yes,trust-owned annuities are serviced; a trust may also hold a BCO as beneficial owner,"If the owner is a trust, all trustee(s) must sign with ""Trustee"" designation after the trustees' name. ... Update or confirm the acting trustee(s) of a trust-owned account.",Trust-owned annuities (Owner Authorization Form ORD 310049 Ed. 8/22; annuity forms page; BCO form for trust beneficial owners),1,https://www.prudential.com/content/dam/us/sites/advisors/annuities/Forms-Annuity-Firm/pdfs/ORD_310049.pdf,00AM-6,2022-08,,2026-09-24,not stated,,,,,,,,,,not stated,,,,,,,,,,not stated,,,,,,,,,,yes,"all trustees sign as ""Trustee, under the Trust Agreement dated ...""; one trustee certifies that all have signed; for a trust-owned BCO the Key Life also signs","If the owner is a trust, all trustee(s) must sign with ""Trustee"" designation after the trustees' name. For example: John Doe, Trustee, under the Trust Agreement dated mm/dd/yy. In addition, in the case where the trust has more than one trustee, we require a certification from one trustee that all trustees have signed.",Trust-owned annuities (Owner Authorization Form ORD 310049 Ed. 8/22; annuity forms page; BCO form for trust beneficial owners),1,https://www.prudential.com/content/dam/us/sites/advisors/annuities/Forms-Annuity-Firm/pdfs/ORD_310049.pdf,00AM-6,2022-08,,2026-09-24,not stated,,,,,,,,,,yes,"BCO form, a grantor trust gives the grantor's SSN/TIN (the grantor is the Key Life) besides the owner's TIN","Entity/Trust Ownership Only (Non-natural person), check one of the two boxes below. ... This is a Grantor Trust for federal income tax purposes that meets IRC Sections 671-679 ... Grantor's Social Security/Tax I.D. Number",Trust-owned annuities (Owner Authorization Form ORD 310049 Ed. 8/22; annuity forms page; BCO form for trust beneficial owners),1,https://www.prudential.com/content/dam/us/sites/advisors/annuities/Forms-Annuity-Firm/pdfs/2-10-2023/ORD_04409_1122_ADA_NF.pdf,ORD 04409,2022-11,,2026-09-24,not stated,,,,,,,,,,not stated,,,,,,,,,,yes,"a separate ""Authorize a trust"" form (not saved) updates or confirms the acting trustees",Authorize a trust ... Update or confirm the acting trustee(s) of a trust-owned account.,Trust-owned annuities (Owner Authorization Form ORD 310049 Ed. 8/22; annuity forms page; BCO form for trust beneficial owners),web page,https://www.prudential.com/links/forms/annuities,,,,2026-09-24
ins-sammons,"Sammons Financial Group (Midland National, North American)",insurer,annuity,Midland National annuity owned by a trust,no,yes,"new or transferred contracts; only trusts acting as agent for natural persons (2-23 version listed accepted trust types); no testamentary trust owners; charitable remainder trusts use 26742Y (non-qualified, trust sole owner and sole irrevocable beneficiary)",Upon change of Ownership of an existing Annuity Contract to a Trust ... Midland National only accepts Trusts acting as an agent for natural person(s) and for the sole benefit of those person(s) under IRC Section 72 of the Internal Revenue Code. ... Please be advised that a Testamentary Trust cannot be an Owner.,Midland National annuity owned by a trust,1,https://www.midlandnational.com/documents/35453/72102/19306Y+-+Certification+of+Trust+Agreement.pdf/bde51249-88b5-9fd5-c935-9afd0aa1d236?t=1675100832160,19306Y,,,2026-09-24,yes,Midland's own Certification of Trust agreement (19306Y); 19513R also offers a Partnership/Trust Agreement box,A copy of the Certification of Trust Agreement must be submitted if the new owner designation is a trust.,Midland National annuity owned by a trust,2,https://www.midlandnational.com/documents/d/mnportal/19513r,19513R,,,2026-09-24,yes,"on request, stated on the charitable trust form (26742Y); the regular certification (19306Y) says Midland has no responsibility for reviewing the trust and does not ask for it",Be advised that Midland National reserves the right to request and receive a copy of the Trust documents if it determines that it is necessary to do so.,Midland National annuity owned by a trust,3,https://www.midlandnational.com/documents/35453/72102/26742Y+-+Certification+of+Charitable+Trust.pdf/9f5ec22e-3f1d-56f2-27cf-057b6fa801d7?t=1701879055382,26742Y,,,2026-09-24,not stated,,,,,,,,,,yes,"trustees choose all, a majority or any trustee; corporate trustee resolution","The Trustee(s) certify that all documents pertaining to this Contract be signed by: (check one) ... For Corporate Trustees, you must submit a corporate resolution verifying individuals authorized to sign on behalf of the entity.",Midland National annuity owned by a trust,2,https://www.midlandnational.com/documents/35453/72102/19306Y+-+Certification+of+Trust+Agreement.pdf/bde51249-88b5-9fd5-c935-9afd0aa1d236?t=1675100832160,19306Y,,,2026-09-24,yes,"government photo ID; name, address, date of birth and SSN of persons signing for an entity; trustee DOB and SSN on the certification",We require our representative to review and verify a current government issued photo ID for each owner listed on the insurance or annuity application or ownership change request. ... or who will be signing on behalf of a legal entity,Midland National annuity owned by a trust,1,https://www.midlandnational.com/documents/35453/72102/24443Y+-+Spousal+Verification+of+Identity.pdf/20cd6f2b-0f75-4aa3-b9aa-894c1ab65dff?t=1666031349763,24443Y,,,2026-09-24,yes,"trust TIN asked, with grantor trust status (19513R, TIN/EIN of the non-natural entity)",Tax Identification number Trust governed by the state of ... Is the Trust a Grantor Trust?,Midland National annuity owned by a trust,1,https://www.midlandnational.com/documents/35453/72102/19306Y+-+Certification+of+Trust+Agreement.pdf/bde51249-88b5-9fd5-c935-9afd0aa1d236?t=1675100832160,19306Y,,,2026-09-24,yes,successor trustees are named in advance on the certification (section 5),Midland National may rely upon the directions of the Trustees and any named Successor Trustee(s) identified in this form,Midland National annuity owned by a trust,3,https://www.midlandnational.com/documents/35453/72102/19306Y+-+Certification+of+Trust+Agreement.pdf/bde51249-88b5-9fd5-c935-9afd0aa1d236?t=1675100832160,19306Y,,,2026-09-24,yes,proof the trust is in force may be required (charitable trust form 26742Y),Before Midland National pays proceeds at the death of the Annuitant/Owner of the Annuity Contract(s) it may also require proof that the Trust is then in full force and effect.,Midland National annuity owned by a trust,3,https://www.midlandnational.com/documents/35453/72102/26742Y+-+Certification+of+Charitable+Trust.pdf/9f5ec22e-3f1d-56f2-27cf-057b6fa801d7?t=1701879055382,26742Y,,,2026-09-24,yes,new Certification of Trust agreement on a change of trustee,Upon change of Trustee(s) of an existing Annuity Contract owned by a Trust ... until Midland National receives at its Executive Office written notification of a change of Trustee in a form acceptable to Midland National,Midland National annuity owned by a trust,1,https://www.midlandnational.com/documents/35453/72102/19306Y+-+Certification+of+Trust+Agreement.pdf/bde51249-88b5-9fd5-c935-9afd0aa1d236?t=1675100832160,19306Y,,,2026-09-24
ins-securian,Securian Financial (Minnesota Life),insurer,annuity,Securian individual annuity owned by a trust (sales piece F105673),no,yes,trust-owned annuities offered (financial professional sales piece; no ownership form saved),How do trust-owned annuities work? ... The trust owns the annuity and names an annuitant,Securian individual annuity owned by a trust (sales piece F105673),1,https://www.securian.com/content/dam/doc/ia/estate-planning-opportunities-with-trusts-and-annuities_105673.pdf,F105673,2024-01,,2026-09-25,not stated,,,,,,,,,,not stated,,,,,,,,,,not stated,,,,,,,,,,not stated,,,,,,,,,,not stated,,,,,,,,,,not stated,,,,,,,,,,not stated,,,,,,,,,,not stated,,,,,,,,,,not stated,,,,,,,,,
thrivent,Thrivent (Thrivent Funds direct accounts and IRAs),brokerage,annuity,Trust-owned Thrivent annuity contract (Certification of Trust 24143A),no,yes,trust may own a contract; the owning trust must be the sole primary beneficiary,"If a contract is owned by a trust, naming a beneficiary other than the trust may cause legal and/or tax issues. ... naming a beneficiary other than the trust owner as a sole primary beneficiary cannot be accepted.",Trust-owned Thrivent annuity contract (Certification of Trust 24143A),1,https://www.thrivent.com/files/28887.pdf,R6-26,,,2026-09-24,yes,Thrivent Certification of Trust form 24143A,No representative of Thrivent and its subsidiaries has authority to analyze trust documents or give advice when completing,Trust-owned Thrivent annuity contract (Certification of Trust 24143A),62,https://www.thrivent.com/content/start-now/files/wl19_al_packet.pdf,ICC18,,,2026-09-24,not stated,,,,,,,,,,not stated,,,,,,,,,,yes,"all trustees in CA, ID, IA, MO, NE, NV, NJ, OR, else one; notary stamp when a trustee lives in ID, MI, MN, NE, NV, TN or VT","When any currently acting trustee is a resident of California, Idaho, Iowa, Missouri, Nebraska, Nevada, New Jersey, or Oregon, all currently acting trustees must sign the Certification of Trust. In all other states, only one trustee's signature is required. ... Affix notary stamp here (required when",Trust-owned Thrivent annuity contract (Certification of Trust 24143A),64,https://www.thrivent.com/content/start-now/files/wl19_al_packet.pdf,ICC18,,,2026-09-24,yes,"name, SSN, address and date of birth of each acting trustee",Identification of Currently Acting Trustee(s) - Complete for all currently acting trustee(s).,Trust-owned Thrivent annuity contract (Certification of Trust 24143A),62,https://www.thrivent.com/content/start-now/files/wl19_al_packet.pdf,ICC18,,,2026-09-24,yes,irrevocable trust EIN; revocable trust grantor SSN,Irrevocable - Trust Employer Identification Number (EIN) ... Social Security number of grantor ... no account/contract will be accepted without a valid TIN,Trust-owned Thrivent annuity contract (Certification of Trust 24143A),62,https://www.thrivent.com/content/start-now/files/wl19_al_packet.pdf,ICC18,,,2026-09-24,yes,no proof of succession; Tennessee trustees list successor trustees,I authorize Thrivent to rely upon the authority of one or more successors to act without proof of their succession,Trust-owned Thrivent annuity contract (Certification of Trust 24143A),64,https://www.thrivent.com/content/start-now/files/wl19_al_packet.pdf,ICC18,,,2026-09-24,yes,"notify Thrivent; if the owning revocable trust has ended and no beneficiary exists, proceeds go to the grantors","Provide notification upon the death of any trust grantor(s) for revocable trusts in order for cost basis to be adjusted. ... If a revocable trust is the owner, and the trust is not in effect at the death of the Insured, and there is no living or existing beneficiary, the proceeds shall be paid to the designated grantor(s) equally",Trust-owned Thrivent annuity contract (Certification of Trust 24143A),64,https://www.thrivent.com/content/start-now/files/wl19_al_packet.pdf,ICC18,,,2026-09-24,yes,trustee must notify Thrivent of changes (written revocation or amendment),I will promptly inform Thrivent of any changes in the representations contained in this certification,Trust-owned Thrivent annuity contract (Certification of Trust 24143A),64,https://www.thrivent.com/content/start-now/files/wl19_al_packet.pdf,ICC18,,,2026-09-24
ins-transamerica,Transamerica Life Insurance Company,insurer,annuity,Trust-owned Transamerica variable annuity,no,yes,"yes, ""Trust"" owner type",Individual Trust1 ... Trustee Certification Form is Required.,Trust-owned Transamerica variable annuity,3,https://www.transamerica.com/sites/default/files/forms/34469/81605291%28FL%29_0726.pdf,,2025-11,,2026-09-24,yes,Transamerica Trustee Certification Form,Trustee Certification Form is Required.,Trust-owned Transamerica variable annuity,3,https://www.transamerica.com/sites/default/files/forms/34469/81605291%28FL%29_0726.pdf,,2025-11,,2026-09-24,not stated,,,,,,,,,,not stated,,,,,,,,,,yes,"trustee signs as owner, marking ""Trustee"" capacity; additional information required","If the individuals signing below are signing as a Power of Attorney, Guardian, Conservator, Authorized Representative, or Trustee, additional information is required.",Trust-owned Transamerica variable annuity,9,https://www.transamerica.com/sites/default/files/forms/34469/81605291%28FL%29_0726.pdf,,2025-11,,2026-09-24,not stated,,,,,,,,,,not stated,,,,,,,,,,not stated,,,,,,,,,,not stated,,,,,,,,,,not stated,,,,,,,,,
transamerica-401k,Transamerica Retirement Solutions,recordkeeper,annuity,Trust-owned Transamerica variable annuity,no,yes,"yes, ""Trust"" owner type",Individual Trust1 ... Trustee Certification Form is Required.,Trust-owned Transamerica variable annuity,3,https://www.transamerica.com/sites/default/files/forms/34469/81605291%28FL%29_0726.pdf,,2025-11,,2026-09-24,yes,Transamerica Trustee Certification Form,Trustee Certification Form is Required.,Trust-owned Transamerica variable annuity,3,https://www.transamerica.com/sites/default/files/forms/34469/81605291%28FL%29_0726.pdf,,2025-11,,2026-09-24,not stated,,,,,,,,,,not stated,,,,,,,,,,yes,"trustee signs as owner, marking ""Trustee"" capacity; additional information required","If the individuals signing below are signing as a Power of Attorney, Guardian, Conservator, Authorized Representative, or Trustee, additional information is required.",Trust-owned Transamerica variable annuity,9,https://www.transamerica.com/sites/default/files/forms/34469/81605291%28FL%29_0726.pdf,,2025-11,,2026-09-24,not stated,,,,,,,,,,not stated,,,,,,,,,,not stated,,,,,,,,,,not stated,,,,,,,,,,not stated,,,,,,,,,
flcu-achieva,Achieva Credit Union,credit_union,bank_pod,Deposit account owned by a trust,yes,yes,"discretionary, case by case; the CU does not administer trust accounts and does not check a trustee's appointment or authority","We may, at our complete discretion, permit accounts to be owned by trusts on a case-by-case basis.",Deposit account owned by a trust,12,https://www.achievacu.com/PDFs/Important_Info_Consumer_Acct.pdf,,,,2026-09-24,not stated,,,,,,,,,,not stated,,,,,,,,,,not stated,,,,,,,,,,not stated,,,,,,,,,,not stated,,,,,,,,,,not stated,,,,,,,,,,not stated,,,,,,,,,,not stated,,,,,,,,,,not stated,,,,,,,,,
flcu-addition-financial,Addition Financial Credit Union,credit_union,bank_pod,Deposit account owned by a trust,yes,yes,trustees under a written trust agreement may open and maintain accounts; the credit union does not act as trustee or monitor the trust terms,This account may be opened and maintained by a person or persons named as a trustee under a written trust agreement,Deposit account owned by a trust,18,https://www.additionfi.com/docs/default-source/disclosures/important-account-information-for-our-members-rev-02-2024.pdf,,,,2026-09-24,not stated,,,,,,,,,,not stated,,,,,,,,,,not stated,,,,,,,,,,not stated,,,,,,,,,,not stated,,,,,,,,,,not stated,,,,,,,,,,not stated,,,,,,,,,,not stated,,,,,,,,,,not stated,,,,,,,,,
cu-alliant,Alliant Credit Union,credit_union,bank_pod,Trust savings and trust checking (Trust Account Application A530),no,yes,"new trust savings or checking account in the name of the trust and trustees; existing accounts are not retitled (""This does not change the name of an existing account""); trustees must be eligible for membership",Trust Savings ... in the name of the Trust and Trustee(s). ... A new account will be opened in the name of your Trust.,Trust savings and trust checking (Trust Account Application A530),1,https://www.alliantcreditunion.org/images/uploads/files/LivingTrustApplication.pdf,,2025-04,,2026-09-24,yes,trust agreement pages or a certification of trust,return it to Alliant along with copies ... of the pages of your Trust Agreement or Certification of Trust that,Trust savings and trust checking (Trust Account Application A530),1,https://www.alliantcreditunion.org/images/uploads/files/LivingTrustApplication.pdf,,2025-04,,2026-09-24,no,copies of the pages showing the listed items only,of the pages of your Trust Agreement or Certification of Trust that,Trust savings and trust checking (Trust Account Application A530),1,https://www.alliantcreditunion.org/images/uploads/files/LivingTrustApplication.pdf,,2025-04,,2026-09-24,yes,"pages showing type, name and date of trust, trustees, successor trustees, whether trustees may act independently, beneficiaries, signature and notary seal; death certificate for a deceased trustee",Type of Trust ... Names of the Successor Trustees ... Name of the Trust ... If Trustees may act independently ... Date the Trust was established ... Names of the Trustees ... Names of the Beneficiary(ies) ... Signature and notary seal,Trust savings and trust checking (Trust Account Application A530),1,https://www.alliantcreditunion.org/images/uploads/files/LivingTrustApplication.pdf,,2025-04,,2026-09-24,yes,"each trustee signs; unless ""act independently"" is checked, all trustees must act together","Trustee #1 Signature (required) ... Trustee #2 Signature (required, if applicable) ... it will be assumed that all Trustees must act together on all Trust transactions",Trust savings and trust checking (Trust Account Application A530),2,https://www.alliantcreditunion.org/images/uploads/files/LivingTrustApplication.pdf,,2025-04,,2026-09-24,yes,photo ID and proof of address for each owner 18+ who is not already a member; ID number fields for each trustee,include a photocopy of valid U.S. government- or state-issued photo ID or a Passport,Trust savings and trust checking (Trust Account Application A530),2,https://www.alliantcreditunion.org/images/uploads/files/LivingTrustApplication.pdf,,2025-04,,2026-09-24,yes,trust information section asks for an SSN/ITIN; a successor trustee must obtain a Tax ID Number when all trustees are deceased,Social Security Number/ITIN ... Date of Trust ... Successor Trustee must obtain a Tax ID Number,Trust savings and trust checking (Trust Account Application A530),1,https://www.alliantcreditunion.org/images/uploads/files/LivingTrustApplication.pdf,,2025-04,,2026-09-24,yes,death certificate(s) and a Tax ID Number,"If all the Trustees of a Trust are deceased, then the Successor Trustee must obtain a Tax ID Number and provide a copy of the death certificate(s).",Trust savings and trust checking (Trust Account Application A530),1,https://www.alliantcreditunion.org/images/uploads/files/LivingTrustApplication.pdf,,2025-04,,2026-09-24,not stated,,,,,,,,,,yes,death certificate for a deceased trustee; nothing on resignation or addition,Please supply a death certificate if one of the Trustees is deceased.,Trust savings and trust checking (Trust Account Application A530),1,https://www.alliantcreditunion.org/images/uploads/files/LivingTrustApplication.pdf,,2025-04,,2026-09-24
bank-ally-bank,Ally Bank,bank,bank_pod,Ally Bank deposit account titled in the name of a trust,no,yes,online or paper Account Application for Trusts,How do I open an Ally Bank account in the name of a Trust? Apply for an Ally Bank account. You can apply online .,Ally Bank deposit account titled in the name of a trust,web page,https://www.ally.com/help/bank/accounts-trust/,,,,2026-09-24,yes,"certification, abstract or affidavit accepted","A Certification of Trust (sometimes referred to as a Trust Abstract or Affidavit of Trust, depending on the state), or a written Trust agreement with a Social Security number or Tax ID number",Ally Bank deposit account titled in the name of a trust,web page,https://www.ally.com/help/bank/accounts-trust/,,,,2026-09-24,no,pages if no certification,"If a Certification of Trust (sometimes referred to as a Trust Abstract or Affidavit of Trust, depending on the state), isn't available, be sure to include the following pages of your Trust agreement",Ally Bank deposit account titled in the name of a trust,web page,https://www.ally.com/help/bank/accounts-trust/,,,,2026-09-24,yes,"if no certification, description pages, notarized signature pages, amendments, trustee powers and succession provisions, list of beneficiaries, death certificates; testamentary trusts, will cover, trust portions, signature and notary pages","Description of Trust, including the formal name of the Trust, Grantors and Trustees ... Notarized signature pages with Grantor and Trustee signatures ... Trustee powers and provisions related to incapacity or death of a Trustee ... List of beneficiaries who will receive the funds if the Grantor of the Trust passes away",Ally Bank deposit account titled in the name of a trust,1,https://www.ally.com/content/dam/pdf/bank/trust-conversion.pdf,,2025-03,,2026-09-24,yes,"conversion, all current owners sign; each trustee not already an Ally customer signs the account agreement; any listed trustee may then act alone","In order for a personal account to be eligible for conversion to the name of a Trust, ALL current account owners must sign below. ... Sign if a Trustee is not a current Ally Bank customer.",Ally Bank deposit account titled in the name of a trust,1,https://www.ally.com/content/dam/pdf/bank/trust-conversion.pdf,,2025-03,,2026-09-24,yes,"name, address, DOB and SSN/ITIN for each trustee; W-9 or W-8BEN for each trustee not yet a customer","We'll ask for your name, a street address, date of birth, and an identification number, such as a Social Security number or Individual Taxpayer Identification Number (ITIN).",Ally Bank deposit account titled in the name of a trust,12,https://www.ally.com/content/dam/pdf/bank/traditional-ira-app.pdf,5305-A,2025-05,,2026-09-24,yes,trust TIN field; conversion of a revocable trust keeps the owner's SSN; irrevocable trusts use their own TIN,TAX IDENTIFICATION NUMBER FOR TRUST ... You can convert a non-IRA account into the name of a Trust for a Revocable Trust if the Social Security number from the non-IRA account is used.,Ally Bank deposit account titled in the name of a trust,web page,https://www.ally.com/help/bank/accounts-trust/,,,,2026-09-24,yes,Trust/Trustee Maintenance Form plus documents identifying the successor trustee,"If a trustee dies or is replaced, we reserve the right to require documentation reasonably acceptable to us identifying the successor trustee. ... Complete the Trust/Trustee Maintenance Form (PDF) and provide the required documents.",Ally Bank deposit account titled in the name of a trust,web page,https://www.ally.com/content/dam/pdf/bank/traditional-ira-app.pdf,5305-A,2025-05,,2026-09-24,yes,name and date of death of a deceased grantor plus death certificate,"If any Grantor is deceased, provide their name and date of death ... A copy of a death certificate for any Grantors or Trustees who is/are deceased",Ally Bank deposit account titled in the name of a trust,1,https://www.ally.com/content/dam/pdf/bank/trust-application.pdf,,2025-12,,2026-09-24,yes,Trust/Trustee Maintenance Form,"These changes may include the death or resignation of a trustee, addition of a trustee or a change in the formal name of the Trust itself. Complete the Trust/Trustee Maintenance Form (PDF) and provide the required documents.",Ally Bank deposit account titled in the name of a trust,web page,https://www.ally.com/help/bank/accounts-trust/,,,,2026-09-24
flbank-amerant-bank,"Amerant Bank, National Association",bank,bank_pod,Deposit account owned by a trust (fiduciary account),yes,yes,fiduciary accounts include a trustee under a trust agreement,"Fiduciary Account. Upon request of the Bank, any person acting in a fiduciary capacity will supply to the Bank an affidavit, certification or other documentation ... trustee under trust agreement or under will.",Deposit account owned by a trust (fiduciary account),8,https://media.amerantbank.com/wp-content/uploads/2023/09/AMTB-Deposit-Agreement.pdf,,,,2026-09-24,yes,"on request, an affidavit, certification or other documents, including excerpts of the trust","will supply to the Bank an affidavit, certification or other documentation, including, without limit, copies of excerpts of any agreement, instrument or order pertaining to the account or fiduciary relationship",Deposit account owned by a trust (fiduciary account),8,https://media.amerantbank.com/wp-content/uploads/2023/09/AMTB-Deposit-Agreement.pdf,,,,2026-09-24,not stated,,,,,,,,,,not stated,,,,,,,,,,not stated,,,,,,,,,,not stated,,,,,,,,,,not stated,,,,,,,,,,not stated,,,,,,,,,,not stated,,,,,,,,,,yes,a change of signers takes effect 5 business days after the bank receives the documents,"Any change in authorized signers will not be effective until five (5) business days after our receipt of the documents effecting the change, provided that we may, at our option, recognize such changes earlier.",Deposit account owned by a trust (fiduciary account),8,https://media.amerantbank.com/wp-content/uploads/2023/09/AMTB-Deposit-Agreement.pdf,,,,2026-09-24
bank-american-express-national-bank,American Express National Bank,bank,bank_pod,American Express savings account re-titled to a revocable living trust,no,yes,re-title only; revocable living trusts only,"Your Savings account (""Account"") can only be re-titled (not opened) as a revocable living trust (Trust) Account.",American Express savings account re-titled to a revocable living trust,web page,https://www.americanexpress.com/en-us/banking/online-savings/faq/trust-re-title-conditions/,,,,2026-09-24,not stated,,,,,,,,,,not stated,,,,,,,,,,not stated,,,,,,,,,,yes,online by the primary owner; each owner must be a trustee able to act alone,"Accounts may only be re-titled online (not by mail or telephone), by the primary (first named) Account owner. ... Each Account owner named in the Bank's records must be a trustee who is authorized to act individually for the Trust",American Express savings account re-titled to a revocable living trust,web page,https://www.americanexpress.com/en-us/banking/online-savings/faq/trust-re-title-conditions/,,,,2026-09-24,not stated,,,,,,,,,,yes,must use the primary owner's SSN (no trust EIN),The Trust must (1) use the Social Security Number of the primary Account owner named in the Bank's records for the Account and (2) be in full force and effect.,American Express savings account re-titled to a revocable living trust,web page,https://www.americanexpress.com/en-us/banking/online-savings/faq/trust-re-title-conditions/,,,,2026-09-24,not stated,,,,,,,,,,yes,prompt written notice of an owner's death; bank may close,the requirement that the Bank receive prompt written notice if any Account owner dies or becomes legally incompetent.,American Express savings account re-titled to a revocable living trust,web page,https://www.americanexpress.com/en-us/banking/online-savings/faq/trust-re-title-conditions/,,,,2026-09-24,not stated,,,,,,,,,
bank-ameriprise-bank,"Ameriprise Bank, FSB",bank,bank_pod,Ameriprise Bank account owned by a trust,no,no,no trust-owned accounts,Accounts may not be opened in the name of a trust or other legal entity or by a fiduciary,Ameriprise Bank account owned by a trust,8,https://www.ameriprise.com/binaries/content/assets/ampcom/ameriprise_bank_savings_account_deposit_account_agreement.pdf,Deposit Account Agreement,2026-07-17,,2026-09-24,not stated,,,,,,,,,,not stated,,,,,,,,,,not stated,,,,,,,,,,not stated,,,,,,,,,,not stated,,,,,,,,,,not stated,,,,,,,,,,not stated,,,,,,,,,,not stated,,,,,,,,,,not stated,,,,,,,,,
bank-associated-bank,"Associated Bank, National Association",bank,bank_pod,Associated fiduciary account,no,yes,fiduciary accounts under a written agreement,Any funds credited to this type of Account are controlled according to a formal written agreement or as established by a court.,Associated fiduciary account,web page,https://www.associatedbank.com/forms-and-disclosures/disclosures/deposit-account-agreement,Deposit Account Agreement,,,2026-09-24,not stated,,,,,,,,,,yes,bank may review and copy the trust agreement,"The terms of any Agency Agreement, Trust Agreement, Court Order or other document by which the Account is opened will govern the Account, and the Bank has the right to review such document and maintain a copy in its files.",Associated fiduciary account,web page,https://www.associatedbank.com/forms-and-disclosures/disclosures/deposit-account-agreement,Deposit Account Agreement,,,2026-09-24,not stated,,,,,,,,,,not stated,,,,,,,,,,not stated,,,,,,,,,,not stated,,,,,,,,,,not stated,,,,,,,,,,not stated,,,,,,,,,,not stated,,,,,,,,,
bank-atlantic-union-bank,Atlantic Union Bank,bank,bank_pod,Atlantic Union formal trust account,no,yes,formal trust accounts,"When one (1) or more persons open an account as trustee under a written trust agreement or court order, we will treat the account as a formal trust account.",Atlantic Union formal trust account,6,https://www.atlanticunionbank.com/getmedia/e0dcffd3-1ccf-4841-a00b-0a650c9a343e/consumer-deposit-account-agreement.pdf,Consumer Deposit Account Agreement,2025-08-11,,2026-09-24,yes,"trust agreement or other documentation certifying the trust's existence, on request","We may request a copy of the written trust agreement, court order or other documentation certifying the existence of the trust.",Atlantic Union formal trust account,6,https://www.atlanticunionbank.com/getmedia/e0dcffd3-1ccf-4841-a00b-0a650c9a343e/consumer-deposit-account-agreement.pdf,Consumer Deposit Account Agreement,2025-08-11,,2026-09-24,not stated,,,,,,,,,,not stated,,,,,,,,,,not stated,,,,,,,,,,not stated,,,,,,,,,,not stated,,,,,,,,,,not stated,,,,,,,,,,not stated,,,,,,,,,,not stated,,,,,,,,,
bank-axos-bank,Axos Bank,bank,bank_pod,Axos Bank trust account,no,yes,"online application with trust name, Tax ID and documents","For a seamless application process, make sure to have your trust name, Tax ID, and official documents ready.",Axos Bank trust account,web page,https://www.axosbank.com/personal/bank/premier/trust,,,,2026-09-24,yes,"Axos Bank's own Trust Certification form (Cal. Probate Code 18100.5), listing settlors, trustees, successor trustees, revocability and title",TRUST CERTIFICATION Deposit Account ... The undersigned execute(s) this Certification intending that Axos Bank rely on this Certification,Axos Bank trust account,1,https://www.axosbank.com/-/media/Axos/Documents/Forms/personal-support-forms/DEP--215-Change-Request--Trust-Certification.pdf,,2019-09,2019-10-17,2026-09-24,not stated,,,,,,,,,,not stated,,,,,,,,,,yes,all co-trustees sign the certification before a notary; the minimum number of signing co-trustees is stated on the form,"Where there are co-trustees, we are all the co-trustees of the Trust. ... ALL SIGNATURES MUST BE NOTARIZED",Axos Bank trust account,4,https://www.axosbank.com/-/media/Axos/Documents/Forms/personal-support-forms/DEP--215-Change-Request--Trust-Certification.pdf,,2019-09,2019-10-17,2026-09-24,not stated,,,,,,,,,,yes,trust TIN on the certification; SS-4 if different from the primary TIN,"make sure to have your trust name, Tax ID, and official documents ready ... The tax identification number of the Trust is",Axos Bank trust account,web page,https://www.axosbank.com/personal/bank/premier/trust,,,,2026-09-24,not stated,,,,,,,,,,not stated,,,,,,,,,,not stated,,,,,,,,,
bank-bank-of-america,"Bank of America, National Association",bank,bank_pod,Bank of America deposit account owned by a trust,no,yes,trustee-held deposit accounts recognized,If you have opened a deposit account on behalf of the beneficial owner(s) of the funds in the account (for example as a trustee,Bank of America deposit account owned by a trust,5,https://www.bankofamerica.com/salesservices/deposits/resources/deposit-agreements/,Deposit Agreement and Disclosures,2026-05-15,,2026-09-24,not stated,,,,,,,,,,not stated,,,,,,,,,,not stated,,,,,,,,,,not stated,,,,,,,,,,not stated,,,,,,,,,,not stated,,,,,,,,,,yes,successor trustee identified from the trust agreement; death certificate and formal trust may be requested,An account may be in the name of a formal trust. Trustee(s) are named on the account to control the assets of the trust. Successor Trustees are listed in the trust agreement so they can carry on the role of the trustee(s),Bank of America deposit account owned by a trust,6,https://images.em.bankofamerica.com/estateservices/Estate_Services_Resource_Guide.pdf,MAP8726023,,,2026-09-24,yes,formal trust may be required at death,"We may require additional documents such as a last will and testament, formal trust, birth or marriage certificate, or proof of legal name change",Bank of America deposit account owned by a trust,web page,https://www.bankofamerica.com/signature-services/estate-services/,,,,2026-09-24,yes,may require closing and reopening,"We may require you to close the account in order to remove a co-owner, terminate a joint ownership or change a payable on death or trust designation.",Bank of America deposit account owned by a trust,4,https://www.bankofamerica.com/salesservices/deposits/resources/deposit-agreements/,Deposit Agreement and Disclosures,2026-05-15,,2026-09-24
bank-bank-ozk,Bank OZK,bank,bank_pod,Bank OZK deposit account opened by a trustee under a written trust agreement (Arkansas terms),no,yes,trustee accounts offered; the bank does not monitor or enforce the trust terms,"This account may be opened and maintained by a person or persons named as a trustee under a written trust agreement, or as executors, administrators, or conservators under court orders.",Bank OZK deposit account opened by a trustee under a written trust agreement (Arkansas terms),web page,https://www.ozk.com/disclosures/certificates-of-deposit/ar-terms-and-conditions-of-your-account.html,,,,2026-09-24,not stated,,,,,,,,,,not stated,,,,,,,,,,not stated,,,,,,,,,,not stated,,,,,,,,,,not stated,,,,,,,,,,not stated,,,,,,,,,,not stated,,,,,,,,,,not stated,,,,,,,,,,not stated,,,,,,,,,
bank-bankunited,"BankUnited, National Association",bank,bank_pod,BankUnited fiduciary account (trustee under a trust agreement or will),yes,yes,trustee accounts,"Examples include, but are not limited to: Personal Representative, Executor, Guardian for a Minor or Other Legal Incompetent Person, Attorney-In-Fact, Representative Payee, and Trustee under a Trust Agreement or Will.",BankUnited fiduciary account (trustee under a trust agreement or will),4,https://www.bankunited.com/docs/default-source/deposit-account-agreement/deposit-account-agreement.pdf?sfvrsn=bead569c_9,Deposit Account Agreement,2025-08,,2026-09-24,yes,affidavit or certification on request,"Upon the Bank's request, the Fiduciary will supply the Bank with an affidavit, certification or other documentation pertaining to the account and the fiduciary relationship.",BankUnited fiduciary account (trustee under a trust agreement or will),4,https://www.bankunited.com/docs/default-source/deposit-account-agreement/deposit-account-agreement.pdf?sfvrsn=bead569c_9,Deposit Account Agreement,2025-08,,2026-09-24,not stated,,,,,,,,,,not stated,,,,,,,,,,not stated,,,,,,,,,,not stated,,,,,,,,,,not stated,,,,,,,,,,not stated,,,,,,,,,,not stated,,,,,,,,,,not stated,,,,,,,,,
bank2-banner-bank,Banner Bank,bank,bank_pod,Deposit account owned by a trust,no,yes,stated in the Business Deposit Account Agreement; the consumer agreement has no trust-account clause; a separate agreement may govern,"When your account is set up as an escrow account, trust account, fiduciary account, or custodial account, it is your sole responsibility to determine the legal effects of opening and maintaining an account of this nature.",Deposit account owned by a trust,4,https://www.bannerbank.com/-/media/project/banner-bank/dotcom/pdfs/business-disclosure_ada.pdf?rev=558cdff7d58b436a8dbd33e2271c2b32&sc_lang=en&hash=A3B7E4FE22ADA0C36F8AF80165C53DCE,,2025-05,,2026-09-26,not stated,,,,,,,,,,not stated,,,,,,,,,,not stated,,,,,,,,,,not stated,,,,,,,,,,not stated,,,,,,,,,,not stated,,,,,,,,,,not stated,,,,,,,,,,not stated,,,,,,,,,,not stated,,,,,,,,,
flbank-bayfirst-national-bank,BayFirst National Bank,bank,bank_pod,Deposit account owned by a trust,yes,not stated,,,,,,,,,,not stated,,,,,,,,,,not stated,,,,,,,,,,not stated,,,,,,,,,,not stated,,,,,,,,,,not stated,,,,,,,,,,not stated,,,,,,,,,,not stated,,,,,,,,,,not stated,,,,,,,,,,not stated,,,,,,,,,
bank-bny-mellon,"BNY Mellon, National Association",bank,bank_pod,"BNY Mellon, N.A. Insured Deposit Sweep Account in a custody account registered to a trust (through a financial intermediary)",no,yes,sweep deposits of trust-registered custody accounts; FDIC coverage depends on the registration,"to each Account for which you are a client of record of BNY, whether as an individual, joint tenant, trustee, executor ... Product balances held in Accounts with trust registrations are processed at the account level and not at the trustee level.","BNY Mellon, N.A. Insured Deposit Sweep Account in a custody account registered to a trust (through a financial intermediary)",2,https://www.bny.com/assets/pershing/documents/pdfs/bny-product-disclosure-statement-and-terms-and-conditions.pdf,,,,2026-09-24,not stated,,,,,,,,,,not stated,,,,,,,,,,not stated,,,,,,,,,,not stated,,,,,,,,,,not stated,,,,,,,,,,not stated,,,,,,,,,,not stated,,,,,,,,,,not stated,,,,,,,,,,not stated,,,,,,,,,
cu-becu,Boeing Employees' Credit Union (BECU),credit_union,bank_pod,Revocable or irrevocable trust-owned deposit accounts,no,yes,"trust is the Primary Account Holder, trustees are Authorized Signers; share savings, savings, checking, money market and CDs; beneficiary names on a trust account are for NCUSIF insurance only, not POD","Revocable trust accounts and irrevocable trust accounts are established as Personal Accounts. ... Account types that are available for trusts: Member Share Savings, Savings, Checking, Money Market, and",Revocable or irrevocable trust-owned deposit accounts,1,https://www.becu.org/-/media/Files/PDF/P-6823.pdf,,2025-07,,2026-09-24,yes,"BECU's own Certification of Trust (form 6001, RCW 11.98.075) is a required document","BECU Certification of Trust ... BECU, upon request, a certification of trust in accordance with RCW 11.98.075",Revocable or irrevocable trust-owned deposit accounts,1,https://www.becu.org/-/media/Files/PDF/P-6823.pdf,,2025-07,,2026-09-24,no,only the application and the BECU Certification of Trust are listed; the agreement reserves the right to ask for other documents,Documents required: ... BECU Certification of Trust,Revocable or irrevocable trust-owned deposit accounts,1,https://www.becu.org/-/media/Files/PDF/P-6823.pdf,,2025-07,,2026-09-24,not stated,,,,,,,,,,yes,each trustee signs the certification (up to 4 acting trustee signature lines on the application); any trustee may act alone,By signing below each Trustee declares under penalty of perjury ... The trustee(s) can individually exercise all powers of an Account Holder.,Revocable or irrevocable trust-owned deposit accounts,13,https://www.becu.org/-/media/Files/PDF/P-6823.pdf,,2025-07,,2026-09-24,yes,"SSN, photo ID details and identity verification for every acting trustee",The Social Security number (SSN) is required for the acting trustee(s) ... IDV completed for all acting Trustees,Revocable or irrevocable trust-owned deposit accounts,1,https://www.becu.org/-/media/Files/PDF/P-6823.pdf,,2025-07,,2026-09-24,yes,trust TIN required; either a personal TIN (named individual) or an EIN,the Taxpayer Identification number (TIN) is required for the Trust ... Option One: The Trust uses a Personal Tax Identification Number (TIN). ... Option Two: The Trust uses an Employer Identification Number (EIN).,Revocable or irrevocable trust-owned deposit accounts,1,https://www.becu.org/-/media/Files/PDF/P-6823.pdf,,2025-07,,2026-09-24,not stated,,,,,,,,,,not stated,,,,,,,,,,yes,"change request form (add, retain or remove trustees; add successor trustee); trustees must notify BECU in writing","G. Update trust/trustee information (Complete sections 1, 2, and 9) ... will promptly notify BECU in writing of any change in the currently acting Trustee(s)",Revocable or irrevocable trust-owned deposit accounts,2,https://www.becu.org/-/media/Files/PDF/P-6823.pdf,,2025-07,,2026-09-24
bank-bokf,"BOKF, National Association",bank,bank_pod,BOKF account owned by a trust,no,yes,trust-owned accounts,"If the Owner of the Account is a trust, we may require the trustee to furnish us with evidence of any trust provision relating to the opening or maintenance of the Account and any changes therein.",BOKF account owned by a trust,4,https://edge.sitecorecloud.io/bokfna15473-bokf40a9-prode209-f913/media/Files/PDF/BOK/BOK8029.pdf,BOK8029,2026-04,,2026-09-24,not stated,,,,,,,,,,not stated,,,,,,,,,,not stated,,,,,,,,,,not stated,,,,,,,,,,not stated,,,,,,,,,,not stated,,,,,,,,,,not stated,,,,,,,,,,not stated,,,,,,,,,,yes,evidence of changes and new signatures,we may require the trustee to furnish us with evidence of any trust provision relating to the opening or maintenance of the Account and any changes therein. Such Owner will be asked to furnish the names and signatures of persons authorized to conduct transactions.,BOKF account owned by a trust,4,https://edge.sitecorecloud.io/bokfna15473-bokf40a9-prode209-f913/media/Files/PDF/BOK/BOK8029.pdf,BOK8029,2026-04,,2026-09-24
flcu-campus-usa,Campus USA Credit Union,credit_union,bank_pod,Deposit account owned by a trust,yes,yes,accounts in the name of a trust are contemplated (excluded from the POD rules); no trust account terms given,"This paragraph does not apply to an account held on behalf of or in the name of a trust. ... You may request that we facilitate certain trust, will, or court-ordered account arrangements.",Deposit account owned by a trust,5,https://campuscu.com/media/zdhdlmj5/membership-agreement.pdf,,2025-07,2026-02-18,2026-09-24,not stated,,,,,,,,,,not stated,,,,,,,,,,not stated,,,,,,,,,,not stated,,,,,,,,,,not stated,,,,,,,,,,not stated,,,,,,,,,,not stated,,,,,,,,,,not stated,,,,,,,,,,not stated,,,,,,,,,
flbank-capital-city-bank,Capital City Bank,bank,bank_pod,Deposit account held by a trustee,yes,yes,a trustee must be designated as such on the Signature Card; otherwise the account is treated as individually owned,"Any individual acting as an Agent, Guardian, Personal Representative, Representative Payee, Trustee, Custodian or in some other fiduciary capacity must be designated to the Bank as such on the Signature Card.",Deposit account held by a trustee,web page,https://www.ccbg.com/deposit-account-terms-and-conditions,,2026-09-01,,2026-09-24,not stated,,,,,,,,,,not stated,,,,,,,,,,not stated,,,,,,,,,,not stated,,,,,,,,,,not stated,,,,,,,,,,not stated,,,,,,,,,,not stated,,,,,,,,,,not stated,,,,,,,,,,yes,written notice ends a fiduciary's authority; the bank may require a new signature card or closing and reopening on a change,The Bank is authorized to follow the directions of your fiduciary regarding your Account until we receive written notice that the fiduciary's authority has been terminated ... we may require you to close your Account in the event of any change in ownership,Deposit account held by a trustee,web page,https://www.ccbg.com/deposit-account-terms-and-conditions,,2026-09-01,,2026-09-24
bank-capital-one,"Capital One, National Association",bank,bank_pod,Capital One deposit account owned by a revocable living trust,no,yes,"revocable living trusts only; existing accounts converted (no IRAs, minor or business accounts)","If you have an existing Capital One Bank account, you can convert it to Trust ownership. We currently offer this option for Revocable Living Trusts",Capital One deposit account owned by a revocable living trust,web page,https://www.capitalone.com/help-center/checking-savings/converting-to-revocable-living-trust/,,,,2026-09-24,yes,Capital One Certificate of Trust form,Download our Certificate of Trust form . Complete all sections of the form in entirety,Capital One deposit account owned by a revocable living trust,web page,https://www.capitalone.com/help-center/checking-savings/converting-to-revocable-living-trust/,,,,2026-09-24,no,the Certificate of Trust summarizes the trust; the agreement is for reference while completing it and no copy is requested,This form does not establish a Trust; it simply permits you to transfer your funds from your name to your Trust and summarizes certain parts of your Trust. ... Have your Trust Agreement available for reference,Capital One deposit account owned by a revocable living trust,1,https://ecm.capitalone.com/WCM/help-center/kmi_final-approved-creative_certificate-of-trust.pdf,Certificate of Trust,2025-05-01,,2026-09-24,not stated,,,,,,,,,,yes,"all trustees, notarized",Take the form to a Notary to obtain a notarized signature. All Trustees' signatures need to be notarized.,Capital One deposit account owned by a revocable living trust,web page,https://www.capitalone.com/help-center/checking-savings/converting-to-revocable-living-trust/,,,,2026-09-24,yes,max three trustees; grantor must be a trustee,You can have up to three Trustees on a trust account (one of them must be the Grantor).,Capital One deposit account owned by a revocable living trust,web page,https://www.capitalone.com/help-center/checking-savings/converting-to-revocable-living-trust/,,,,2026-09-24,yes,"one trust tax ID (SSN, ITIN or EIN); W-9 on the Trust Maintenance Form if the TIN changes",Trust tax ID (List one only) ... SSN ... ITIN ... EIN,Capital One deposit account owned by a revocable living trust,1,https://ecm.capitalone.com/WCM/help-center/kmi_final-approved-creative_certificate-of-trust.pdf,Certificate of Trust,2025-05-01,,2026-09-24,yes,notarized Trust Maintenance Form certification; supporting documents for a removed trustee; an existing Grantor must authorize,"I further certify that I have duly qualified as Trustee(s) or successor Trustee(s) under the terms of the Trust and under applicable Law ... Attach any supporting documentation such as a death certificate, court order, trust documents or physician notification.",Capital One deposit account owned by a revocable living trust,3,https://ecm.capitalone.com/WCM/bank/pdfs/trustmaintenanceform.pdf,Trust Maintenance Form,2025-12-08,,2026-09-24,yes,account closed when the sole grantor is removed (e.g. at death),"Capital One requires at least one Trustee to be listed as the Grantor. If the sole Grantor needs to be removed, the account must be closed.",Capital One deposit account owned by a revocable living trust,3,https://ecm.capitalone.com/WCM/bank/pdfs/trustmaintenanceform.pdf,Trust Maintenance Form,2025-12-08,,2026-09-24,yes,"Trust Maintenance Form, grantor signs, all notarized, supporting documents","The Grantor signature is required and all signatures must be notarized. ... Attach any supporting documentation such as a death certificate, court order, trust documents or physician notification.",Capital One deposit account owned by a revocable living trust,1,https://ecm.capitalone.com/WCM/bank/pdfs/trustmaintenanceform.pdf,Trust Maintenance Form,2025-12-08,,2026-09-24
bank-cathay-bank,Cathay Bank,bank,bank_pod,Cathay Bank formal trust account (written trust agreement),no,yes,yes,A Formal Trust Account is an account held by one or more trustees for the benefit of one or more beneficiaries according to a written trust agreement.,Cathay Bank formal trust account (written trust agreement),8,https://www.cathaybank.com/documents/personal/digital-account-opening/deposit-account-agreement.pdf,Deposit Account Agreement (Consumer and Business Accounts),2025-11,,2026-09-24,yes,"certification with supporting excerpts, or the full trust, or both",provide us with either or both a Certification of Trust signed by all trustees of the trust and supported by applicable excerpts from the trust agreement or a full copy of the trust agreement,Cathay Bank formal trust account (written trust agreement),8,https://www.cathaybank.com/documents/personal/digital-account-opening/deposit-account-agreement.pdf,Deposit Account Agreement (Consumer and Business Accounts),2025-11,,2026-09-24,yes,a full copy is one of the accepted options and may be required with the certification,either or both a Certification of Trust signed by all trustees of the trust and supported by applicable excerpts from the trust agreement or a full copy of the trust agreement,Cathay Bank formal trust account (written trust agreement),8,https://www.cathaybank.com/documents/personal/digital-account-opening/deposit-account-agreement.pdf,Deposit Account Agreement (Consumer and Business Accounts),2025-11,,2026-09-24,not stated,,,,,,,,,,yes,all trustees sign the certification,a Certification of Trust signed by all trustees of the trust,Cathay Bank formal trust account (written trust agreement),8,https://www.cathaybank.com/documents/personal/digital-account-opening/deposit-account-agreement.pdf,Deposit Account Agreement (Consumer and Business Accounts),2025-11,,2026-09-24,not stated,,,,,,,,,,not stated,,,,,,,,,,not stated,,,,,,,,,,not stated,,,,,,,,,,not stated,,,,,,,,,
bank2-centier-bank,Centier Bank,bank,bank_pod,Fiduciary (trustee) deposit accounts,no,yes,trustees under a written trust agreement may open fiduciary accounts; the bank does not monitor the trust,This account may be opened and maintained by a person or persons named as a trustee under a written trust agreement,Fiduciary (trustee) deposit accounts,10,https://www.centier.com/docs/default-source/resources/consumer-account-agreement.pdf?sfvrsn=5c8eb1f6_50,,,,2026-09-26,not stated,,,,,,,,,,not stated,,,,,,,,,,not stated,,,,,,,,,,not stated,,,,,,,,,,not stated,,,,,,,,,,not stated,,,,,,,,,,not stated,,,,,,,,,,not stated,,,,,,,,,,not stated,,,,,,,,,
bank2-central-pacific-bank,Central Pacific Bank,bank,bank_pod,Formal Trust Account (deposit account owned by a trust),no,yes,trustees hold the account under a written trust agreement; the bank acts only as custodian,A Formal Trust Account is an account held by one or more trustees for the benefit of one or more beneficiaries according to a written trust agreement.,Formal Trust Account (deposit account owned by a trust),3,https://www.cpb.bank/deposit-account-agreement-disclosure,,2024-12,,2026-09-26,not stated,,,,,,,,,,not stated,,,,,,,,,,not stated,,,,,,,,,,not stated,,,,,,,,,,not stated,,,,,,,,,,not stated,,,,,,,,,,not stated,,,,,,,,,,not stated,,,,,,,,,,not stated,,,,,,,,,
bank-charles-schwab-bank,"Charles Schwab Bank, SSB",bank,bank_pod,Schwab Bank Investor Checking owned by a trust; Schwab Bank deposit accounts other than Investor Checking owned by a trust,no,yes,"revocable, irrevocable, sub-trust and testamentary trusts",Schwab One® Trust Account Application with Optional Schwab Bank Investor Checking™ Trust Account,Schwab Bank Investor Checking owned by a trust,3,https://content.schwab.com/dcc/APP10600.pdf,AEM16972149,2026-06,,2026-09-24,yes,"certification, memorandum, affidavit or abstract accepted","All pages of the Certification of Trust, Memorandum of Trust, Affidavit of Trust, or Abstract of Trust may be submitted to satisfy the trust documentation.",Schwab Bank Investor Checking owned by a trust,1,https://content.schwab.com/dcc/APP10600.pdf,AEM16972149,2026-06,,2026-09-24,no,excerpts only,"For a Revocable Trust, attach a copy of the first page or title page and all signature pages of the Trust documentation along with this Application.",Schwab Bank Investor Checking owned by a trust,1,https://content.schwab.com/dcc/APP10600.pdf,AEM16972149,2026-06,,2026-09-24,yes,title page and all signature pages; sub-trusts also need the creating provision; testamentary trusts need will pages and proof of filing,"For a Revocable Trust, attach a copy of the first page or title page and all signature pages of the Trust documentation along with this Application. ... For a Sub-Trust (e.g., Marital Trust, Bypass Trust, or Generation-Skipping Trust), in addition to the requested",Schwab Bank Investor Checking owned by a trust,1,https://content.schwab.com/dcc/APP10600.pdf,AEM16972149,2026-06,,2026-09-24,yes,"all trustees; notarized for trusts governed by 13 listed states unless grantor, trustee and beneficiary are the same people","All Trustees must sign the Trustee Certification (Section 14) and the Application (Section 16). ... All trustee signatures MUST be notarized if your trust is governed by the laws of any of the following states: California, Delaware, Idaho, Iowa, Kansas, Michigan, Minnesota, Mississippi, Nebraska, Nevada, South Dakota, Tennessee, and Vermont.",Schwab Bank Investor Checking owned by a trust,1,https://content.schwab.com/dcc/APP10600.pdf,AEM16972149,2026-06,,2026-09-24,yes,ID number for each trustee,ID Number and Type (Please select only one box and provide the relevant information below.) Passport Driver's License,Schwab Bank Investor Checking owned by a trust,3,https://content.schwab.com/MARS-files/LPM27474.pdf,AEM10330989,2024-11,,2026-09-24,yes,TIN change requires a new account,"If the Taxpayer Identification Number (TIN) is changing, a new account must be opened.",Schwab Bank Investor Checking owned by a trust,3,https://content.schwab.com/dcc/APP10600.pdf,AEM16972149,2026-06,,2026-09-24,yes,trust page naming the successor,"If the original trustees have changed, provide the page(s) of the Trust that names the successor Trustee or otherwise validates the appointment of the successor Trustee.",Schwab Bank Investor Checking owned by a trust,1,https://content.schwab.com/dcc/APP10600.pdf,AEM16972149,2026-06,,2026-09-24,yes,new account when the trust gets its own TIN after death,"If the Taxpayer Identification Number (TIN) is changing, a new account must be opened.",Schwab Bank Investor Checking owned by a trust,3,https://content.schwab.com/dcc/APP10600.pdf,AEM16972149,2026-06,,2026-09-24,yes,trust page naming or validating the new trustee,"If the original trustees have changed, provide the page(s) of the Trust that names the successor Trustee or otherwise validates the appointment of the successor Trustee.",Schwab Bank Investor Checking owned by a trust,1,https://content.schwab.com/dcc/APP10600.pdf,AEM16972149,2026-06,,2026-09-24
bank-charles-schwab-premier-bank,"Charles Schwab Premier Bank, SSB",bank,bank_pod,Charles Schwab Premier Bank Bank Sweep deposit accounts of a trust-registered Schwab brokerage account,no,yes,Bank Sweep deposits are held for revocable and irrevocable trust accounts (Charles Schwab & Co. Cash Features Disclosure Statement; Schwab acts as agent),"the Deposit Limit for revocable and irrevocable trusts for each Program Bank will be $249,000 regardless of the number of owners and beneficiaries",Charles Schwab Premier Bank Bank Sweep deposit accounts of a trust-registered Schwab brokerage account,9,https://disclosures.schwab.com/SchwabDashboard/61678/REG90540.pdf,REG90540-15,2025-12,,2026-09-24,not stated,,,,,,,,,,not stated,,,,,,,,,,not stated,,,,,,,,,,not stated,,,,,,,,,,not stated,,,,,,,,,,not stated,,,,,,,,,,not stated,,,,,,,,,,not stated,,,,,,,,,,not stated,,,,,,,,,
bank-citibank,"Citibank, National Association",bank,bank_pod,Citibank deposit account owned by a formal trust (Special Title Account),no,yes,revocable or irrevocable trusts drafted by a legal professional,"""Formal Trust Account"" means an account owned by a revocable or irrevocable formal trust created with a document prepared by a legal professional.",Citibank deposit account owned by a formal trust (Special Title Account),35,https://online.citi.com/JRS/popups/ao/Consumer_Client_Manual.pdf,Consumer Deposit Account Agreement U.S. Markets,2023-08-19,,2026-09-24,not stated,,,,,,,,,,not stated,,,,,,,,,,not stated,,,,,,,,,,not stated,,,,,,,,,,not stated,,,,,,,,,,yes,own TIN in some cases,"In some cases, the trust must have its own Taxpayer Identification Number (TIN) issued by the Internal Revenue Service (IRS).",Citibank deposit account owned by a formal trust (Special Title Account),35,https://online.citi.com/JRS/popups/ao/Consumer_Client_Manual.pdf,Consumer Deposit Account Agreement U.S. Markets,2023-08-19,,2026-09-24,not stated,,,,,,,,,,not stated,,,,,,,,,,not stated,,,,,,,,,
bank-citizens-bank,"Citizens Bank, National Association",bank,bank_pod,Citizens formal trust account,no,yes,only if every trust beneficiary is a natural person; claims on trust accounts do not use the POD disbursement form,"We may, in our sole discretion, allow a trustee or the trustees of a formal written trust to establish a trust account if all of the trust's beneficiaries are natural persons.",Citizens formal trust account,19,https://www.citizensbank.com/caas/nsf/assets/pdf/Deposit_Account_Agreement.pdf,OV1161659,2025-10,,2026-09-24,yes,Certificate of Trust on request,"you agree, upon request, to provide us with a completed Certificate of Trust and any other requested supporting documentation, in a form satisfactory to us.",Citizens formal trust account,19,https://www.citizensbank.com/caas/nsf/assets/pdf/Deposit_Account_Agreement.pdf,OV1161659,2025-10,,2026-09-24,not stated,,,,,,,,,,not stated,,,,,,,,,,not stated,,,,,,,,,,not stated,,,,,,,,,,not stated,,,,,,,,,,not stated,,,,,,,,,,not stated,,,,,,,,,,not stated,,,,,,,,,
bank-city-national-bank,City National Bank,bank,bank_pod,City National fiduciary account for a written trust,no,yes,trustee accounts,"Executors, administrators, conservators, personal representatives, guardians or trustees under written trust agreements, court orders or other documents may open accounts as fiduciaries.",City National fiduciary account for a written trust,5,https://www.cnb.com/content/dam/cnb/personal-banking/bank-accounts/documents/Personal-Deposit-Account-Disclosures-001.pdf,66503E,2026-04,,2026-09-24,yes,"trust copy, portions, or trustee certification","a copy of the trust instrument, or portions of the trust instrument or appropriate trustee certification",City National fiduciary account for a written trust,5,https://www.cnb.com/content/dam/cnb/personal-banking/bank-accounts/documents/Personal-Deposit-Account-Disclosures-001.pdf,66503E,2026-04,,2026-09-24,no,alternatives accepted,"a copy of the trust instrument, or portions of the trust instrument or appropriate trustee certification",City National fiduciary account for a written trust,5,https://www.cnb.com/content/dam/cnb/personal-banking/bank-accounts/documents/Personal-Deposit-Account-Disclosures-001.pdf,66503E,2026-04,,2026-09-24,yes,"documents must show fiduciary, powers, succession provisions and unusual provisions","This documentation will verify that the person or persons opening the account is or are the designated fiduciary, his or her powers, the provisions for succession and any unusual provisions.",City National fiduciary account for a written trust,5,https://www.cnb.com/content/dam/cnb/personal-banking/bank-accounts/documents/Personal-Deposit-Account-Disclosures-001.pdf,66503E,2026-04,,2026-09-24,not stated,,,,,,,,,,not stated,,,,,,,,,,not stated,,,,,,,,,,not stated,,,,,,,,,,not stated,,,,,,,,,,not stated,,,,,,,,,
flcu-city-county-employees,City-County Employees Credit Union,credit_union,bank_pod,Trust-owned share accounts,yes,not stated,,,,,,,,,,not stated,,,,,,,,,,not stated,,,,,,,,,,not stated,,,,,,,,,,not stated,,,,,,,,,,not stated,,,,,,,,,,not stated,,,,,,,,,,not stated,,,,,,,,,,not stated,,,,,,,,,,not stated,,,,,,,,,
bank-columbia-bank,Columbia Bank,bank,bank_pod,Columbia Bank account opened by a trustee under a written trust agreement,no,yes,trustee accounts under a written trust,"This Account may be opened and maintained by a person or persons named ... as a trustee under a written trust agreement, or as executors, administrators, or",Columbia Bank account opened by a trustee under a written trust agreement,4,https://www.columbiabank.com/globalassets/media/documents/columbia_bank_personal_rules_and_regulations.pdf,,,,2026-09-24,not stated,,,,,,,,,,not stated,,,,,,,,,,not stated,,,,,,,,,,not stated,,,,,,,,,,not stated,,,,,,,,,,not stated,,,,,,,,,,not stated,,,,,,,,,,not stated,,,,,,,,,,not stated,,,,,,,,,
bank2-columbia-bank,Columbia Bank,bank,bank_pod,Formal trust account (deposit account held by trustees),no,yes,formal trust accounts held by the trustees; the bank acts only as custodian and does not inquire into the trustees' powers,A formal Trust Account is an Account held by one or more trustees for the benefit of one or more beneficiaries according to a written trust agreement.,Formal trust account (deposit account held by trustees),10,http://www.columbiabankonline.com:80/home/fiFiles/static/documents/disclosure-depositaccountagreement.pdf,,2014-08-05,2016-08-28,2026-09-26,not stated,,,,,,,,,,yes,a copy of the trust agreement on the bank's request (not stated as required at opening),"Upon our request, the trustee(s) will supply to us a copy of any trust agreement covering the Account.",Formal trust account (deposit account held by trustees),10,http://www.columbiabankonline.com:80/home/fiFiles/static/documents/disclosure-depositaccountagreement.pdf,,2014-08-05,2016-08-28,2026-09-26,not stated,,,,,,,,,,not stated,,,,,,,,,,not stated,,,,,,,,,,not stated,,,,,,,,,,not stated,,,,,,,,,,not stated,,,,,,,,,,not stated,,,,,,,,,
bank-commerce-bank,Commerce Bank,bank,bank_pod,Commerce fiduciary (trustee) account,no,yes,trustee designated on signature card,"Any individual or entity acting as guardian, conservator, personal representative, trustee, custodian, attorney-in-fact or in some other fiduciary capacity (""Agent"") must be designated to us as such on the signature card",Commerce fiduciary (trustee) account,11,https://www.commercebank.com/-/media/cb/pdf/personal/bank/Deposit-Agreement.pdf,CB5965,2021-10,,2026-09-24,not stated,,,,,,,,,,not stated,,,,,,,,,,not stated,,,,,,,,,,not stated,,,,,,,,,,not stated,,,,,,,,,,not stated,,,,,,,,,,not stated,,,,,,,,,,not stated,,,,,,,,,,not stated,,,,,,,,,
flcu-community-first-of-florida,Community First Credit Union of Florida,credit_union,bank_pod,Membership account owned by a trust,yes,yes,the 2019 edition lists a trust among possible individual account owners; the POD paragraph does not apply to an account held in the name of a trust,"An individual account is an account owned by one (1) member (individual, corporation, partnership, trust, or other organization) qualified for credit union membership.",Membership account owned by a trust,1,https://www.communityfirstfl.org/cfcu/media/documents/Consumer-Membership-Agreement.pdf,D10018,,2019-09-18,2026-09-24,not stated,,,,,,,,,,not stated,,,,,,,,,,not stated,,,,,,,,,,not stated,,,,,,,,,,not stated,,,,,,,,,,not stated,,,,,,,,,,not stated,,,,,,,,,,not stated,,,,,,,,,,not stated,,,,,,,,,
bank-customers-bank,Customers Bank,bank,bank_pod,Customers Bank trust and fiduciary deposit accounts (written trust agreement),no,yes,"trustee accounts under a written agreement (also an ""Irrevocable Trust Account"" section)","A fiduciary account is an account established by you as a trustee, guardian, executor or administrator under a written agreement or court order.",Customers Bank trust and fiduciary deposit accounts (written trust agreement),web page,https://www.customersbank.com/consumer-disclosures/,,,,2026-09-24,not stated,,,,,,,,,,not stated,,,,,,,,,,not stated,,,,,,,,,,not stated,,,,,,,,,,not stated,,,,,,,,,,not stated,,,,,,,,,,yes,successor must present documentation of appointment,A successor fiduciary must first present to us the appropriate documentation establishing their appointment as the successor fiduciary.,Customers Bank trust and fiduciary deposit accounts (written trust agreement),web page,https://www.customersbank.com/consumer-disclosures/,,,,2026-09-24,not stated,,,,,,,,,,yes,funds frozen until the required legal documents are delivered (irrevocable trust section),"If you die or are replaced as trustee, we will not release any funds until all required legal documents have been delivered to us and all other legal requirements have been met.",Customers Bank trust and fiduciary deposit accounts (written trust agreement),web page,https://www.customersbank.com/consumer-disclosures/,,,,2026-09-24
cu-desert-financial,Desert Financial Credit Union,credit_union,bank_pod,Trust-owned membership account,no,yes,trust ownership recognized; it extends to all current and future shares matching the trustor/trustee relationships unless the member excludes them in writing,Trust Ownership. Trust ownership applies to all shares current and future in which the share ownership matches the Trustor/Trustee relationships designated in the trust,Trust-owned membership account,2,https://www.desertfinancial.com/globalassets/files/legal/Statement-Terms-and-Conditions.pdf,,2026-05-12,,2026-09-24,not stated,,,,,,,,,,yes,"on request, the credit union may review the trust agreement, which governs the account","The terms of any agency agreement, trust agreement, court order, or other document in which the account is opened will govern the account, and Credit Union has the right to review such a document",Trust-owned membership account,2,https://www.desertfinancial.com/globalassets/files/legal/Statement-Terms-and-Conditions.pdf,,2026-05-12,,2026-09-24,not stated,,,,,,,,,,not stated,,,,,,,,,,not stated,,,,,,,,,,not stated,,,,,,,,,,not stated,,,,,,,,,,not stated,,,,,,,,,,not stated,,,,,,,,,
bank-deutsche-bank-trust-company-americas,Deutsche Bank Trust Company Americas,bank,bank_pod,DBTCA trust account,no,yes,trust accounts offered,"If you open an estate Account, trust Account, guardianship or conservatorship Account, or other similar type of Account",DBTCA trust account,61,https://country.db.com/usa/legal-resources/documents/DBTCA-CRAPF-202404.pdf?language_id=1,WM23015119,2023-08-15,,2026-09-24,not stated,,,,,,,,,,not stated,,,,,,,,,,not stated,,,,,,,,,,not stated,,,,,,,,,,not stated,,,,,,,,,,not stated,,,,,,,,,,not stated,,,,,,,,,,not stated,,,,,,,,,,not stated,,,,,,,,,
cu-dcu,Digital Federal Credit Union (DCU),credit_union,bank_pod,"DCU trust account (Application and Agreement for Credit Union Account in the Name of Trustee(s), M701)",no,yes,"revocable and irrevocable trusts; membership rule differs (M701, Wayback 2019 capture)","Establish a NEW DCU Trust Account ... If the Trust is a Revocable Trust, one or more Trustors is a member of the Credit Union. If the Trust is an Irrevocable Trust, either all trustors or all beneficiaries must be members of the Credit Union.","DCU trust account (Application and Agreement for Credit Union Account in the Name of Trustee(s), M701)",2,https://www.dcu.org/content/dam/dcu/global/generic/documents/trust-application.pdf,M701,,2019-09-22,2026-09-24,yes,"DCU's own application with trustee certifications (trust name, execution date, trustors, trustees, successor trustees, beneficiaries) in place of the instrument",The Trustees certify that they are duly appointed under the Trust Instrument ... THE CREDIT UNION HAS NOT RECEIVED A COPY OF THE TRUST AGREEMENT,"DCU trust account (Application and Agreement for Credit Union Account in the Name of Trustee(s), M701)",5,https://www.dcu.org/content/dam/dcu/global/generic/documents/trust-application.pdf,M701,,2019-09-22,2026-09-24,no,instrument not kept; only forwarded in a sealed envelope to a third party when trust assets secure a loan; DCU may require proof of existence and trustee powers,"The Credit Union will not accept copies of the Trust Instrument which are not in a sealed envelope. ... the Credit Union will not keep any Trust Instruments in its files ... The Credit Union reserves the right at any time to require proof in a form acceptable to the Credit Union, affirming the existence of the Trust","DCU trust account (Application and Agreement for Credit Union Account in the Name of Trustee(s), M701)",4,https://www.dcu.org/content/dam/dcu/global/generic/documents/trust-application.pdf,M701,,2019-09-22,2026-09-24,not stated,,,,,,,,,,yes,all trustors and trustees sign the application; each trustee may act alone (account agreement),"ALL TRUSTORS AND TRUSTEES MUST SIGN THE APPLICATION. ... DCU does not offer Accounts on which two (2) or more signatures are required. Therefore, if there are two or more trustees or executors for the Account, each is authorized to act individually.","DCU trust account (Application and Agreement for Credit Union Account in the Name of Trustee(s), M701)",4,https://www.dcu.org/content/dam/dcu/global/generic/documents/trust-application.pdf,M701,,2019-09-22,2026-09-24,yes,"two IDs per trustee (one photo, one showing residential address)","All TRUSTEES must provide the following current identification, one of which must include a picture and one of which must reflect the individual's current residential address as given.","DCU trust account (Application and Agreement for Credit Union Account in the Name of Trustee(s), M701)",2,https://www.dcu.org/content/dam/dcu/global/generic/documents/trust-application.pdf,M701,,2019-09-22,2026-09-24,yes,"SSNs of trustors, trustees, successor trustees and trust beneficiaries collected; TIN box typically the prime owner's SSN",The legal name; residential address; date of birth; and Social Security Number; of all TRUSTORS ... Typically this will be the Prime Owner's SSN.,"DCU trust account (Application and Agreement for Credit Union Account in the Name of Trustee(s), M701)",2,https://www.dcu.org/content/dam/dcu/global/generic/documents/trust-application.pdf,M701,,2019-09-22,2026-09-24,yes,successor trustees named at opening; resignation letter or certified death certificates plus a new application,the Successor Trustees must provide the Credit Union with either a letter of resignation signed by the existing Trustees or certified copies of the death certificates for the Trustees. The Successor Trustees must also complete a new Application. ... The Application will not be approved unless Successor Trustees are designated on the Application.,"DCU trust account (Application and Agreement for Credit Union Account in the Name of Trustee(s), M701)",5,https://www.dcu.org/content/dam/dcu/global/generic/documents/trust-application.pdf,M701,,2019-09-22,2026-09-24,yes,notify DCU; authority continues until written notice reaches headquarters,Trustees agree to promptly notify the Credit Union if any of the Trustors or Trustees die or become incapacitated.,"DCU trust account (Application and Agreement for Credit Union Account in the Name of Trustee(s), M701)",5,https://www.dcu.org/content/dam/dcu/global/generic/documents/trust-application.pdf,M701,,2019-09-22,2026-09-24,yes,"new application for any change of trustor or trustee; successor trustees must close accounts within 90 days (DCU may close on day 91 and mail a check), may reapply","If there is a change in the parties or terms of the Trust, including but not limited to a change in Trustor or Trustee, or a change of address of a Trustor or Trustee, all Trustors and Trustees agree to execute a new ... Successor Trustees shall close all accounts opened under the Application within 90 days after receiving notification of death, resignation, or incapacity of the Trustees.","DCU trust account (Application and Agreement for Credit Union Account in the Name of Trustee(s), M701)",5,https://www.dcu.org/content/dam/dcu/global/generic/documents/trust-application.pdf,M701,,2019-09-22,2026-09-24
bank2-dollar-bank-federal-savings-bank,"Dollar Bank, Federal Savings Bank",bank,bank_pod,Deposit account held by a trustee or other fiduciary,no,yes,fiduciary accounts designated on the Signature Card; trust agreements are among the documents the bank may review,"Any individual(s) acting as an agent, guardian, personal representative, attorney-in-fact, custodian or some other fiduciary capacity (individually and collectively, an ""Agent"") must be designated by the Bank as such on the Signature Card.",Deposit account held by a trustee or other fiduciary,web page,https://www.dollar.bank/Company/Legal/Deposit-Agreement,,2010-09-15,2019-08-18,2026-09-26,not stated,,,,,,,,,,not stated,,,,,,,,,,not stated,,,,,,,,,,not stated,,,,,,,,,,not stated,,,,,,,,,,not stated,,,,,,,,,,not stated,,,,,,,,,,not stated,,,,,,,,,,yes,written notice of termination of the fiduciary's authority,The Bank is authorized to follow the directions of your Agent regarding your account until the Bank receives written notice that the agency has been terminated and it has had a reasonable opportunity to act upon the notice.,Deposit account held by a trustee or other fiduciary,web page,https://www.dollar.bank/Company/Legal/Deposit-Agreement,,2010-09-15,2019-08-18,2026-09-26
bank-east-west-bank,East West Bank,bank,bank_pod,East West documented trust account,no,yes,trustee certifies on the signature card,Documented Trust Accounts - If you establish an account in connection with a written trust you certify that: (1) you are the only current trustee(s) of the trust,East West documented trust account,15,https://www.eastwestbank.com/content/dam/ewb-dotcom/docs/terms-and-conditions/Deposit_Account_Agreement.pdf,Deposit Account Agreement,2024-06-01,,2026-09-24,yes,notarized trust certification on request,"Upon our request, you agree to provide us with a written and notarized trust certification, or any other documentation we may require, pertaining to the account.",East West documented trust account,15,https://www.eastwestbank.com/content/dam/ewb-dotcom/docs/terms-and-conditions/Deposit_Account_Agreement.pdf,Deposit Account Agreement,2024-06-01,,2026-09-24,not stated,,,,,,,,,,not stated,,,,,,,,,,not stated,,,,,,,,,,not stated,,,,,,,,,,not stated,,,,,,,,,,not stated,,,,,,,,,,not stated,,,,,,,,,,yes,advance notice of trustee or beneficiary changes,"You agree to provide us with reasonable advance notice of any amendments made to the trust, any change in trustees or beneficiaries, and any other event that might affect any right, duty or authorization of any person",East West documented trust account,15,https://www.eastwestbank.com/content/dam/ewb-dotcom/docs/terms-and-conditions/Deposit_Account_Agreement.pdf,Deposit Account Agreement,2024-06-01,,2026-09-24
flcu-ecu,ECU Credit Union,credit_union,bank_pod,Trust-owned share accounts,yes,yes,a trust qualified for membership may own an individual account; no opening or documentation rules stated,"An individual account is an account owned by one (1) member (individual, corporation, partnership, trust or other organization) qualified for credit union membership.",Trust-owned share accounts,1,https://www.ecucreditunion.com/uploads/5/7/5/4/5754329/membership_and_account_agreement.pdf,,,2021-03-01,2026-09-26,not stated,,,,,,,,,,not stated,,,,,,,,,,not stated,,,,,,,,,,not stated,,,,,,,,,,not stated,,,,,,,,,,not stated,,,,,,,,,,not stated,,,,,,,,,,not stated,,,,,,,,,,not stated,,,,,,,,,
cu-ent,Ent Credit Union,credit_union,bank_pod,Ent account owned by a trust (trust membership account),no,yes,"trust may be a member and own accounts, at the credit union's discretion; the credit union cannot act as trustee","A single party account is an account owned by one member including any individual, corporation, trust or other ... The credit union, in its sole discretion, has the right to refuse any trust for application for membership or open new accounts under the name of the trust.",Ent account owned by a trust (trust membership account),1,https://www.ent.com/globalassets/pdf-files/legal/ent-membership-and-account-agreement.pdf,,2026-07-13,,2026-09-24,yes,Credit Union Affidavit of Trust or similar certificate of trust (may be required),"we reserve the right to require the trustee(s) to complete a ""Credit Union Affidavit of Trust"" or similar Certificate of Trust.",Ent account owned by a trust (trust membership account),2,https://www.ent.com/globalassets/pdf-files/legal/ent-membership-and-account-agreement.pdf,,2026-07-13,,2026-09-24,not stated,,,,,,,,,,not stated,,,,,,,,,,not stated,,,,,,,,,,not stated,,,,,,,,,,not stated,,,,,,,,,,not stated,,,,,,,,,,yes,"paid to the successor trustee (or trust beneficiary) designated on the Signature Card, Affidavit of Trust or other trust documentation on file","upon the death of the last account owner, payable to any named and surviving POD or trust beneficiary or Successor Trustee designated on your Signature Card, Affidavit of Trust, or other trust documentation on file with us.",Ent account owned by a trust (trust membership account),2,https://www.ent.com/globalassets/pdf-files/legal/ent-membership-and-account-agreement.pdf,,2026-07-13,,2026-09-24,not stated,,,,,,,,,
bank-everbank,"EverBank, National Association",bank,bank_pod,EverBank trust account,yes,yes,revocable or irrevocable,This Trust account is a(n): Revocable Trust Irrevocable Trust,EverBank trust account,3,https://assets.contentstack.io/v3/assets/blt12844f397ad182a6/blt3e7c46a9e6ec3739/66b1382d792c8e23c147de25/app-banking.pdf,23MCM0407,2023-12,,2026-09-24,yes,EverBank's own Trustee Certification,EverBank Trustee Certification,EverBank trust account,2,https://assets.contentstack.io/v3/assets/blt12844f397ad182a6/blt3e7c46a9e6ec3739/66b1382d792c8e23c147de25/app-banking.pdf,23MCM0407,2023-12,,2026-09-24,yes,"overrides the earlier ""no"", the application checklist asks for two trust pages, but the June 2024 terms booklet lets EverBank require a full copy and requires a copy of the trust agreement for irrevocable trusts","If the fiduciary account is being established for a trust, we may require the Account ... Holder to provide a full copy of the written trust agreement. ... If the account is established for an irrevocable trust, ... the Account Holder must provide a copy of the written trust agreement and trustee",EverBank trust account,13,https://www.everbank.com/api/public/services/download?filePath=%2Fblt12844f397ad182a6%2Fblt5378ba37901f5b19%2F66292c1f4da2a9d4aeff2f3f%2Fterms-personal.pdf,24MCM0104,2024-04,,2026-09-24,yes,description page and signature page,"Copy of page in Trust document describing the Trust (i.e. who is the Trustee(s), Grantor(s), title of Trust, creation date of Trust, etc.) Copy of signature page in Trust with grantor(s)' and Trustee(s)' signatures",EverBank trust account,2,https://assets.contentstack.io/v3/assets/blt12844f397ad182a6/blt3e7c46a9e6ec3739/66b1382d792c8e23c147de25/app-banking.pdf,23MCM0407,2023-12,,2026-09-24,yes,any one trustee may act,"If more than one Account Holder is named as fiduciary on the account, we shall act on the signature ... of any one Account Holder",EverBank trust account,14,https://www.everbank.com/api/public/services/download?filePath=%2Fblt12844f397ad182a6%2Fblt5378ba37901f5b19%2F66292c1f4da2a9d4aeff2f3f%2Fterms-personal.pdf,24MCM0104,2024-04,,2026-09-24,not stated,,,,,,,,,,yes,grantor SSN or trust TIN; grantor details if different,"If the Grantor(s) and Trustee(s) are different and/or not using the Grantor's Social Security number as the Tax ID for the Trust, provide the Grantor(s)' name, date of birth, and Social Security number",EverBank trust account,3,https://assets.contentstack.io/v3/assets/blt12844f397ad182a6/blt3e7c46a9e6ec3739/66b1382d792c8e23c147de25/app-banking.pdf,23MCM0407,2023-12,,2026-09-24,yes,evidence satisfactory to the bank; then instructions of the successor trustee,"Upon the death, incapacity or replacement of a fiduciary, ... as shown by evidence satisfactory to us, we shall rely upon the instructions of the ... successor fiduciary(ies).",EverBank trust account,13,https://www.everbank.com/api/public/services/download?filePath=%2Fblt12844f397ad182a6%2Fblt5378ba37901f5b19%2F66292c1f4da2a9d4aeff2f3f%2Fterms-personal.pdf,24MCM0104,2024-04,,2026-09-24,not stated,,,,,,,,,,yes,same rule on replacement of a trustee,"Upon the death, incapacity or replacement of a fiduciary, ... as shown by evidence satisfactory to us, we shall rely upon the instructions of the",EverBank trust account,13,https://www.everbank.com/api/public/services/download?filePath=%2Fblt12844f397ad182a6%2Fblt5378ba37901f5b19%2F66292c1f4da2a9d4aeff2f3f%2Fterms-personal.pdf,24MCM0104,2024-04,,2026-09-24
flcu-fairwinds,Fairwinds Credit Union,credit_union,bank_pod,Deposit account owned by a trust,yes,yes,revocable and irrevocable trusts,"Once you establish your trust, you'll need the following to open a Trust Account:",Deposit account owned by a trust,web page,https://www.fairwinds.org/personal/trust-accounts,,,,2026-09-24,not stated,,,,,,,,,,yes,"full, completed trust agreement",Full Trust Agreement. You'll need to consult with an attorney to draft the details of your trust. We won't be able to open your trust account without a completed agreement.,Deposit account owned by a trust,web page,https://www.fairwinds.org/personal/trust-accounts,,,,2026-09-24,not stated,,,,,,,,,,not stated,,,,,,,,,,yes,valid photo ID; the page does not say whose,"Valid photo ID (Driver's License, State ID, Passport)",Deposit account owned by a trust,web page,https://www.fairwinds.org/personal/trust-accounts,,,,2026-09-24,yes,proof of the trust's EIN where it has one,Proof of EIN for the trust (if applicable),Deposit account owned by a trust,web page,https://www.fairwinds.org/personal/trust-accounts,,,,2026-09-24,yes,death certificate of a named trustee (with the full agreement),Death certificate (if applicable) for the Grantor or Trustee in the Trust Agreement,Deposit account owned by a trust,web page,https://www.fairwinds.org/personal/trust-accounts,,,,2026-09-24,yes,death certificate of a deceased grantor at account opening,Death certificate (if applicable) for the Grantor or Trustee in the Trust Agreement,Deposit account owned by a trust,web page,https://www.fairwinds.org/personal/trust-accounts,,,,2026-09-24,not stated,,,,,,,,,
flcu-ficare,FiCare Federal Credit Union,credit_union,bank_pod,Trust-owned share accounts,yes,not stated,,,,,,,,,,not stated,,,,,,,,,,not stated,,,,,,,,,,not stated,,,,,,,,,,not stated,,,,,,,,,,not stated,,,,,,,,,,not stated,,,,,,,,,,not stated,,,,,,,,,,not stated,,,,,,,,,,not stated,,,,,,,,,
bank-fifth-third-bank,"Fifth Third Bank, National Association",bank,bank_pod,Fifth Third deposit account held by a trustee,no,yes,trust (fiduciary) deposit accounts exist; trustees must supply beneficial-ownership data for FDIC coverage,"As trustee for this account, you will need to provide the information listed below",Fifth Third deposit account held by a trustee,1,https://www.53.com/content/dam/fifth-third/docs/legal/trust-learn-more.pdf,1090K1,,2021-09-21,2026-09-24,not stated,,,,,,,,,,not stated,,,,,,,,,,not stated,,,,,,,,,,not stated,,,,,,,,,,not stated,,,,,,,,,,yes,grantor's SSN; trust TIN if the trust has one,"Grantor's information - e.g., address and Social Security number ... Trust Tax Identification Number (TIN), if applicable",Fifth Third deposit account held by a trustee,1,https://www.53.com/content/dam/fifth-third/docs/legal/trust-learn-more.pdf,1090K1,,2021-09-21,2026-09-24,not stated,,,,,,,,,,not stated,,,,,,,,,,not stated,,,,,,,,,
flcu-first-choice,First Choice Credit Union,credit_union,bank_pod,Deposit account owned by a trust,yes,yes,trust-owned accounts permitted case by case; the credit union does not administer trust accounts,"A single owner Account is an Account owned by one member including any individual, corporation, partnership, trust or other organization qualified for Credit Union membership. ... The Credit Union may, at its complete discretion, permit accounts to be owned by trusts on a case-by-case basis.",Deposit account owned by a trust,2,https://www.firstchoicecu.org/wp-content/uploads/2026/08/Membership-Agreement-08-27-2026.pdf,,,,2026-09-26,not stated,,,,,,,,,,not stated,,,,,,,,,,not stated,,,,,,,,,,not stated,,,,,,,,,,not stated,,,,,,,,,,not stated,,,,,,,,,,not stated,,,,,,,,,,not stated,,,,,,,,,,not stated,,,,,,,,,
bank2-first-commonwealth-bank,First Commonwealth Bank,bank,bank_pod,Fiduciary (trust) deposit accounts,no,yes,a trustee may hold an account under a written trust agreement; the bank acts only as custodian of the trust funds,"Fiduciary or Agency Ownership: when an Account is held by an individual who acts as an attorney-in-fact, agent, guardian, personal representative, trustee, custodian or some other fiduciary capacity for the benefit of one or more beneficiaries under a written Agreement.",Fiduciary (trust) deposit accounts,12,https://www.fcbanking.com/media/qufptg34/fcb-deposit-account-agreement_070125.pdf,,2025-07-01,2026-02-10,2026-09-26,not stated,,,,,,,,,,not stated,,,,,,,,,,not stated,,,,,,,,,,not stated,,,,,,,,,,not stated,,,,,,,,,,not stated,,,,,,,,,,not stated,,,,,,,,,,yes,CD early withdrawal penalties are waived on the death of the grantor of a revocable living trust; no documentation requirement stated,We will waive early withdrawal penalties in these circumstances ... Death of a CD owner or a grantor of a revocable family/living trust,Fiduciary (trust) deposit accounts,11,https://www.fcbanking.com/media/qufptg34/fcb-deposit-account-agreement_070125.pdf,,2025-07-01,2026-02-10,2026-09-26,not stated,,,,,,,,,
bank-first-horizon-bank,First Horizon Bank,bank,bank_pod,First Horizon fiduciary account under a written trust,no,yes,trustee under a written trust agreement may open a fiduciary account,"a person or persons named as a trustee under a written trust agreement, or as",First Horizon fiduciary account under a written trust,3,https://www.firsthorizon.com/-/media/Files/DepositorAgreement.PDF,RT-26-2211,,,2026-09-24,not stated,,,,,,,,,,not stated,,,,,,,,,,not stated,,,,,,,,,,yes,any one co-trustee may withdraw unless the signature card says otherwise; co-fiduciaries appoint each other as agents,"such an account shall be subject to withdrawal on the signature of one fiduciary, ... unless the contrary is noted on the signature card or other account document",First Horizon fiduciary account under a written trust,3,https://www.firsthorizon.com/-/media/Files/DepositorAgreement.PDF,RT-26-2211,,,2026-09-24,not stated,,,,,,,,,,not stated,,,,,,,,,,not stated,,,,,,,,,,not stated,,,,,,,,,,not stated,,,,,,,,,
cu-first-tech,First Technology Federal Credit Union,credit_union,bank_pod,Trust-owned checking and savings accounts,no,yes,trust accounts are eligible for Rewards checking and savings (Truth in Savings disclosure),"Account must be a personal account, trust account, or similar fiduciary account.",Trust-owned checking and savings accounts,1,https://www.firsttechfed.com/-/media/firsttech-web/documents/disclosures/form_tis-disclosures_ftrcheckingsavings_eff260101_260105.pdf,,2026-01-01,,2026-09-24,not stated,,,,,,,,,,not stated,,,,,,,,,,not stated,,,,,,,,,,not stated,,,,,,,,,,not stated,,,,,,,,,,not stated,,,,,,,,,,not stated,,,,,,,,,,not stated,,,,,,,,,,not stated,,,,,,,,,
bank-first-citizens-bank-trust-company,First-Citizens Bank & Trust Company,bank,bank_pod,First Citizens deposit account held under a written trust agreement or will,no,yes,trustee accounts,"This account may be opened and maintained by a person, or persons named as a trustee under a written trust agreement, or as executors, administrators, or conservators under court orders",First Citizens deposit account held under a written trust agreement or will,10,https://www.firstcitizens.com/content/dam/firstcitizens/pdfs/hosted/personal/deposit-account-agreement.pdf,Deposit Account Agreement,,,2026-09-24,not stated,,,,,,,,,,not stated,,,,,,,,,,not stated,,,,,,,,,,not stated,,,,,,,,,,not stated,,,,,,,,,,not stated,,,,,,,,,,yes,funds may be frozen until a successor trustee is in place,"If you die, we may not be able to release any funds until a successor trustee is appointed and all other technical legal requirements have been satisfied.",First Citizens deposit account held under a written trust agreement or will,11,https://www.firstcitizens.com/content/dam/firstcitizens/pdfs/hosted/personal/deposit-account-agreement.pdf,Deposit Account Agreement,,,2026-09-24,yes,as above,"If you die, we may not be able to release any funds until a successor trustee is appointed",First Citizens deposit account held under a written trust agreement or will,11,https://www.firstcitizens.com/content/dam/firstcitizens/pdfs/hosted/personal/deposit-account-agreement.pdf,Deposit Account Agreement,,,2026-09-24,yes,written notice that a trustee's role has ended; the bank may require evidence of any successor trustee's authority,We are authorized to follow the directions of the fiduciary regarding the account until we receive written notice that the fiduciary relationship has been terminated and we have had a reasonable time to act upon the notice.,First Citizens deposit account held under a written trust agreement or will,10,https://www.firstcitizens.com/content/dam/firstcitizens/pdfs/hosted/personal/deposit-account-agreement.pdf,Deposit Account Agreement,,,2026-09-24
bank2-firstbank,FirstBank,bank,bank_pod,Deposit account opened by a trustee under a written trust agreement,no,yes,fiduciary account opened by the trustee(s); the bank does not monitor or enforce the trust terms,This account may be opened and maintained by a person or persons named as a trustee under a written trust agreement,Deposit account opened by a trustee under a written trust agreement,3,http://www.firstbankonline.com/wp-content/uploads/2013/12/FirstBank-AccountAgreement-TermsConditions.pdf,,,2014-10-20,2026-09-26,not stated,,,,,,,,,,not stated,,,,,,,,,,not stated,,,,,,,,,,not stated,,,,,,,,,,not stated,,,,,,,,,,not stated,,,,,,,,,,not stated,,,,,,,,,,not stated,,,,,,,,,,not stated,,,,,,,,,
flcu-florida,Florida Credit Union,credit_union,bank_pod,Deposit account owned by a trust,yes,yes,a trust qualified for membership may own an account; the trustee is designated as such on the Account Card,"An individual or single-party account is an account owned by one person, including an individual, corporation, trust, or other organization qualified for Credit Union membership. ... We may open accounts pursuant to any court order, trust agreement, or similar authority",Deposit account owned by a trust,4,https://www.flcu.org/getmedia/820e61f8-85b7-42eb-b21d-6ba78958c0e9/Membership-and-Account-Agreement.pdf,FI19817,2026-02,,2026-09-24,not stated,,,,,,,,,,not stated,,,,,,,,,,not stated,,,,,,,,,,not stated,,,,,,,,,,not stated,,,,,,,,,,not stated,,,,,,,,,,not stated,,,,,,,,,,not stated,,,,,,,,,,not stated,,,,,,,,,
flcu-florida-west-coast,Florida West Coast Credit Union,credit_union,bank_pod,Deposit account owned by a trust (fiduciary account),yes,yes,a trustee under a written trust agreement may open and maintain an account; the credit union does not act as trustee or monitor or enforce the trust terms,This account may be opened and maintained by a person or persons named as a trustee under a written trust agreement,Deposit account owned by a trust (fiduciary account),8,https://www.fwccu.com/files/fwccu/1/file/Disclosures/Truth-in-Savings-07-01-2025-002.pdf,,,,2026-09-26,not stated,,,,,,,,,,not stated,,,,,,,,,,not stated,,,,,,,,,,not stated,,,,,,,,,,not stated,,,,,,,,,,not stated,,,,,,,,,,not stated,,,,,,,,,,not stated,,,,,,,,,,not stated,,,,,,,,,
flcu-floridacentral,FloridaCentral Credit Union,credit_union,bank_pod,Deposit account owned by a trust,yes,yes,fiduciary account opened by the trustee(s) named in a written trust agreement; the CU does not monitor or enforce the trust,"This account may be opened and maintained by a person or persons named as a trustee under a written trust agreement, or as executors, administrators, or conservators under court orders.",Deposit account owned by a trust,8,https://www.floridacentralcu.com/_/kcms-doc/323/92802/Understanding-Our-Relationship.pdf,EFLAB113,2025-07,,2026-09-24,not stated,,,,,,,,,,not stated,,,,,,,,,,not stated,,,,,,,,,,not stated,,,,,,,,,,not stated,,,,,,,,,,not stated,,,,,,,,,,not stated,,,,,,,,,,not stated,,,,,,,,,,not stated,,,,,,,,,
bank2-forbright-bank,Forbright Bank,bank,bank_pod,Deposit account owned by a trust (fiduciary account),no,yes,a trustee under a written trust agreement may open and maintain an account; the bank does not act as trustee or monitor or enforce the trust terms (2024 consumer terms),This account may be opened and maintained by a person or persons named as a trustee under a written trust agreement,Deposit account owned by a trust (fiduciary account),6,https://www.forbrightbank.com/wp-content/uploads/2024/11/Final-Forbright-Consumer-Terms-and-Conditions.pdf,EMDAIB35,2024-08,,2026-09-26,not stated,,,,,,,,,,not stated,,,,,,,,,,not stated,,,,,,,,,,not stated,,,,,,,,,,not stated,,,,,,,,,,not stated,,,,,,,,,,not stated,,,,,,,,,,not stated,,,,,,,,,,not stated,,,,,,,,,
bank-frost-bank,Frost Bank,bank,bank_pod,Frost formal trust account,no,yes,formal trust accounts,"A Formal Trust Account is an Account held by you and one (1) or more other persons, each acting as a trustee for the benefit of one (1) or more beneficiaries according to a written trust agreement.",Frost formal trust account,web page,https://www.frostbank.com/agreements-disclosures/deposit-account-agreement-other-disclosures,Deposit Account Agreement and Other Disclosures,2025-07-01,,2026-09-24,not stated,,,,,,,,,,yes,copy of the trust agreement on request,"Upon our request, you will supply us a copy of any trust agreement covering the Account.",Frost formal trust account,web page,https://www.frostbank.com/agreements-disclosures/deposit-account-agreement-other-disclosures,Deposit Account Agreement and Other Disclosures,2025-07-01,,2026-09-24,not stated,,,,,,,,,,not stated,,,,,,,,,,not stated,,,,,,,,,,not stated,,,,,,,,,,not stated,,,,,,,,,,not stated,,,,,,,,,,not stated,,,,,,,,,
bank-fulton-bank,"Fulton Bank, National Association",bank,bank_pod,Fulton Bank trust (fiduciary) deposit account,no,yes,trust accounts offered (formal trust accounts are distinct from POD/ITF multiple-party accounts),Minimum age for an agent to open a Guardian or Trust account is 18. ... does not apply to a regular trust account under a testamentary trust or a trust agreement which has significance apart from the account,Fulton Bank trust (fiduciary) deposit account,17,https://www.fultonbank.com/-/media/Files/Blue-Foundry/consumer-guide.pdf,16I-1,2025-12-03,,2026-09-24,not stated,,,,,,,,,,yes,"the bank may review and retain a copy of the trust agreement (a right, not a stated requirement at opening)","We have the right to review and retain a copy of any power of attorney, agency agreement, trust agreement, court order, or other document that has established the agency or other fiduciary relationship.",Fulton Bank trust (fiduciary) deposit account,11,https://www.fultonbank.com/-/media/Files/Disclosures/Q1-2026-Rules-and-Regs.pdf,Rules and Regulations for Deposit Accounts,2026-03-02,,2026-09-24,not stated,,,,,,,,,,not stated,,,,,,,,,,not stated,,,,,,,,,,not stated,,,,,,,,,,not stated,,,,,,,,,,not stated,,,,,,,,,,yes,"a trustee (an ""agent"") is honored until written notice that the fiduciary relationship has ended",You authorize us to honor account instructions of your agent regarding your account until we receive written notice that the agency or fiduciary relationship has been terminated,Fulton Bank trust (fiduciary) deposit account,11,https://www.fultonbank.com/-/media/Files/Disclosures/Q1-2026-Rules-and-Regs.pdf,Rules and Regulations for Deposit Accounts,2026-03-02,,2026-09-24
bank-glacier-bank,Glacier Bank,bank,bank_pod,Glacier Bank fiduciary (trust) deposit account,no,yes,trust accounts opened by a trustee as fiduciary; the bank does not monitor the fiduciary,"Fiduciary accounts include, but are not limited to, uniform transfers to minors act accounts, estate accounts, trust accounts",Glacier Bank fiduciary (trust) deposit account,12,https://www.glacierbank.com/assets/files/c1hN61To/esignconsent.pdf,EMTAIB31,2022-06-01,,2026-09-24,not stated,,,,,,,,,,not stated,,,,,,,,,,not stated,,,,,,,,,,not stated,,,,,,,,,,not stated,,,,,,,,,,not stated,,,,,,,,,,not stated,,,,,,,,,,not stated,,,,,,,,,,not stated,,,,,,,,,
cu-global,Global Federal Credit Union,credit_union,bank_pod,Trust-owned membership account,no,yes,"yes, as a new account in the trust's name; an existing member account cannot be retitled to the trust",A Trust Agreement or Trust Abstract is required to establish a Trust account ... An existing member account may not be converted into a Trust account; a separate account in the name of the trust must be established,Trust-owned membership account,6,https://www.globalcu.org/siteassets/pdfs/global-00106-share-account-disclosure-statement.pdf,,,,2026-09-24,yes,a trust abstract is accepted in place of the trust agreement,A Trust Agreement or Trust Abstract is required to establish a Trust account,Trust-owned membership account,6,https://www.globalcu.org/siteassets/pdfs/global-00106-share-account-disclosure-statement.pdf,,,,2026-09-24,no,trust agreement or abstract; the full instrument is not mandatory,A Trust Agreement or Trust Abstract is required to establish a Trust account,Trust-owned membership account,6,https://www.globalcu.org/siteassets/pdfs/global-00106-share-account-disclosure-statement.pdf,,,,2026-09-24,not stated,,,,,,,,,,yes,any one representative (trustees included) may withdraw; each trustee may borrow and pledge and warrants this is permitted by the trust documents,"All accounts shall be subject to withdrawal or receipt by any one of the account owner(s) or representative(s) ... All Trustee(s) may borrow from us, guarantee debts of others made by us, and pledge all or any part of the account as collateral security",Trust-owned membership account,5,https://www.globalcu.org/siteassets/pdfs/global-00106-share-account-disclosure-statement.pdf,,,,2026-09-24,not stated,,,,,,,,,,not stated,,,,,,,,,,yes,"after a death, the trust agreement, certification of trust and/or amendments are reviewed (Account Settlement Guide)","Global will need to review the trust agreement, certification of trust, and/or any amendments made to see if the trust account needs to be updated or a new trust account established",Trust-owned membership account,7,https://www.globalcu.org/siteassets/pdfs/gcu-02867-b-account-settlement-guide.pdf,,,,2026-09-24,yes,Operations Support reviews the trust documents and either updates the account or opens a new trust account,"Since all trust agreements are different, Global will need to review the trust agreement, certification of trust, and/or any amendments made to see if the trust account needs to be updated or a new trust account established",Trust-owned membership account,7,https://www.globalcu.org/siteassets/pdfs/gcu-02867-b-account-settlement-guide.pdf,,,,2026-09-24,yes,written notice of a change in representatives (trustees) is required; effective after receipt,"Account owner(s) and representative(s) agree that we shall be notified if there is any change in the account representative(s), their role, their address, or the addition of an account representative(s). Any change shall be made effective by us only after we have received the change in writing",Trust-owned membership account,5,https://www.globalcu.org/siteassets/pdfs/global-00106-share-account-disclosure-statement.pdf,,,,2026-09-24
bank-goldman-sachs-bank-usa,Goldman Sachs Bank USA,bank,bank_pod,Marcus account owned by a trust,no,no,no trust-owned accounts,"Accounts may not be opened in the name of a trust or other legal entity or by a fiduciary (e.g., executor, conservator, guardians, trustees, etc.).",Marcus account owned by a trust,1,https://www.marcus.com/content/dam/marcus/us/en/pdfs/Marcus_Deposit_Account_Agreement.pdf,Deposit Account Agreement,2025-06-27,,2026-09-24,not stated,,,,,,,,,,not stated,,,,,,,,,,not stated,,,,,,,,,,not stated,,,,,,,,,,not stated,,,,,,,,,,not stated,,,,,,,,,,not stated,,,,,,,,,,not stated,,,,,,,,,,not stated,,,,,,,,,
flcu-grow-financial,Grow Financial Federal Credit Union,credit_union,bank_pod,Deposit account owned by a trust,yes,yes,"a trust qualified for membership may own a single-party account; a trustee may also be added by agency designation (no ownership, but a trustee keeps voting rights)","Ownership of the accounts may be held in a number of ways, such as individually, jointly, in trust ... An individual or single-party account is an account owned by one person, including an individual, corporation, trust, or other organization qualified for credit union membership.",Deposit account owned by a trust,1,https://www.growfinancial.org/wp-content/uploads/2026/06/universal-account-agreement.pdf,FI19414,2026-06,,2026-09-24,not stated,,,,,,,,,,not stated,,,,,,,,,,not stated,,,,,,,,,,not stated,,,,,,,,,,not stated,,,,,,,,,,not stated,,,,,,,,,,not stated,,,,,,,,,,not stated,,,,,,,,,,not stated,,,,,,,,,
flcu-gte,GTE Federal Credit Union,credit_union,bank_pod,Deposit account owned by a trust,yes,yes,accounts in the name of a trust exist; no trust account requirements are published,"This paragraph does not apply to an account held on behalf of or in the name of a trust. ... You may request that we facilitate certain trust, will, or court-ordered account arrangements.",Deposit account owned by a trust,1,https://www.gtefinancial.org/content/dam/gte/docs/default-source/disclosures/account-disclosure.pdf,D1001F-E,,,2026-09-24,not stated,,,,,,,,,,not stated,,,,,,,,,,not stated,,,,,,,,,,not stated,,,,,,,,,,not stated,,,,,,,,,,not stated,,,,,,,,,,not stated,,,,,,,,,,not stated,,,,,,,,,,not stated,,,,,,,,,
flcu-gulf-winds,Gulf Winds Credit Union,credit_union,bank_pod,Deposit account owned by a trust,yes,yes,trust-owned accounts are opened under the trust agreement; the trustee is designated on the Account Card,"An individual or single-party account is an account owned by one person, including an individual, corporation, trust, ... We may open accounts pursuant to any court order, trust agreement, or similar authority in accordance with your desire to establish an account for a trust",Deposit account owned by a trust,3,https://www.gogulfwinds.com/downloads/GW_MembershipAccountAgreement.pdf,FI19739,2020-04,,2026-09-24,not stated,,,,,,,,,,not stated,,,,,,,,,,not stated,,,,,,,,,,not stated,,,,,,,,,,not stated,,,,,,,,,,not stated,,,,,,,,,,not stated,,,,,,,,,,not stated,,,,,,,,,,not stated,,,,,,,,,
bank-hancock-whitney-bank,Hancock Whitney Bank,bank,bank_pod,Hancock Whitney fiduciary account under a written trust,no,yes,trustee accounts,this account may be opened and maintained by a person or persons named as a trustee under a written trust agreement,Hancock Whitney fiduciary account under a written trust,13,https://www.hancockwhitney.com/hubfs/Forms/Deposit-Agreement.pdf,Deposit Agreement (200974356-010),,,2026-09-24,not stated,,,,,,,,,,not stated,,,,,,,,,,not stated,,,,,,,,,,not stated,,,,,,,,,,not stated,,,,,,,,,,not stated,,,,,,,,,,not stated,,,,,,,,,,not stated,,,,,,,,,,not stated,,,,,,,,,
bank2-hanmi-bank,Hanmi Bank,bank,bank_pod,Deposit account owned by a trust,no,yes,trust accounts are among the fiduciary accounts the bank opens; no separate trust account terms or forms are saved,"If you open or manage an estate account, trust account, guardianship or conservatorship account, or other similar type of account, we reserve the right to require any documents we reasonably request",Deposit account owned by a trust,15,https://www.hanmi.com/deposit-account-agreement,,2025-07-01,,2026-09-26,not stated,,,,,,,,,,not stated,,,,,,,,,,not stated,,,,,,,,,,not stated,,,,,,,,,,not stated,,,,,,,,,,not stated,,,,,,,,,,not stated,,,,,,,,,,not stated,,,,,,,,,,not stated,,,,,,,,,
bank2-happen-bank,"Happen Bank, National Association",bank,bank_pod,Deposit account owned by a trust,no,yes,fiduciary accounts; the bank does not monitor or enforce the trust terms,This account may be opened and maintained by a person or persons named as a trustee under a written trust agreement,Deposit account owned by a trust,web page,https://www.happen.com/legal/deposits/personal-deposit-agreement,,,,2026-09-26,not stated,,,,,,,,,,not stated,,,,,,,,,,not stated,,,,,,,,,,not stated,,,,,,,,,,not stated,,,,,,,,,,not stated,,,,,,,,,,not stated,,,,,,,,,,not stated,,,,,,,,,,not stated,,,,,,,,,
flbank-helm-bank-usa,Helm Bank USA,bank,bank_pod,Deposit account owned by a trust,yes,yes,"only indirect, the CD disclosure contemplates CDs held by a revocable living trust; no trust account section",Exceptions to the early withdrawal penalty and the Regulation D penalty (Fixed Rate CDs): ... Death of the grantor of a revocable family/living trust,Deposit account owned by a trust,10,https://www.helmbankusa.com/assets/files/cU9I5qrd,,2026-09-01,,2026-09-24,not stated,,,,,,,,,,not stated,,,,,,,,,,not stated,,,,,,,,,,not stated,,,,,,,,,,not stated,,,,,,,,,,yes,a US trust certifies its TIN on Form W-9 (a foreign trust on a W-8 form),"in the case of a corporation, partnership, trust, or other entity organized under the laws of the United States, its U.S. tax identification number by providing a completed Internal Revenue Service Form W-9",Deposit account owned by a trust,13,https://www.helmbankusa.com/assets/files/cU9I5qrd,,2026-09-01,,2026-09-24,not stated,,,,,,,,,,yes,the CD early withdrawal penalty is waived on the death of the grantor of a revocable living trust,Death of the grantor of a revocable family/living trust,Deposit account owned by a trust,10,https://www.helmbankusa.com/assets/files/cU9I5qrd,,2026-09-01,,2026-09-24,not stated,,,,,,,,,
bank-hsbc-bank-usa,"HSBC Bank USA, National Association",bank,bank_pod,HSBC trust deposit account,no,yes,details from a banker only,"The Bank offers a number of special purpose accounts, as well as trust, custodial, and fiduciary accounts. A Bank representative can provide details.",HSBC trust deposit account,4,https://www.us.hsbc.com/content/dam/hsbc/us/en_us/account-opening/online-disclosures/Rules_For_Consumer_Deposit_Accounts_FM0012-11-2020.pdf,FM0012,2025-05-19,,2026-09-24,not stated,,,,,,,,,,not stated,,,,,,,,,,not stated,,,,,,,,,,not stated,,,,,,,,,,not stated,,,,,,,,,,not stated,,,,,,,,,,not stated,,,,,,,,,,not stated,,,,,,,,,,not stated,,,,,,,,,
cu-idaho-central,Idaho Central Credit Union,credit_union,bank_pod,Trust-owned deposit account,no,yes,accounts may be opened by trustees under a written trust agreement; ICCU does not monitor the trust terms,This account may be opened and maintained by a person or persons named as a trustee under a written trust agreement,Trust-owned deposit account,7,https://www.iccu.com/file/account-agreement.pdf,,2025-03,,2026-09-24,not stated,,,,,,,,,,not stated,,,,,,,,,,not stated,,,,,,,,,,not stated,,,,,,,,,,not stated,,,,,,,,,,not stated,,,,,,,,,,not stated,,,,,,,,,,not stated,,,,,,,,,,not stated,,,,,,,,,
flcu-innovations-financial,Innovations Financial Credit Union,credit_union,bank_pod,Deposit account owned by a trust,yes,yes,accounts in the name of a trust are contemplated (excluded from the POD rules); no trust account terms given,"This paragraph does not apply to an account held on behalf of or in the name of a trust. ... You may request that we facilitate certain trust, will, or court-ordered account arrangements.",Deposit account owned by a trust,2,https://assets.innovationsfcu.org/img/www/main/legal/disclosures/information-you-need/agreements/Membership%20Agreement%20and%20Disclosures_1789448641.pdf,D1001F-E,,,2026-09-24,not stated,,,,,,,,,,not stated,,,,,,,,,,not stated,,,,,,,,,,not stated,,,,,,,,,,not stated,,,,,,,,,,not stated,,,,,,,,,,not stated,,,,,,,,,,not stated,,,,,,,,,,not stated,,,,,,,,,
flcu-insight,Insight Credit Union,credit_union,bank_pod,Share accounts owned by a trust,yes,yes,a trust qualified for membership may own an individual account; the POD/trust paragraph does not apply to an account held in the name of a trust,"An individual account is an account owned by one (1) member (individual, corporation, partnership, trust, or other organization) qualified for credit union membership.",Share accounts owned by a trust,1,https://www.insightcreditunion.com/Content/Uploads/InsightCU/files/Membership_and_Account_Agreement_062017.pdf,D10018,,2021-09-26,2026-09-24,not stated,,,,,,,,,,not stated,,,,,,,,,,not stated,,,,,,,,,,not stated,,,,,,,,,,not stated,,,,,,,,,,not stated,,,,,,,,,,not stated,,,,,,,,,,not stated,,,,,,,,,,not stated,,,,,,,,,
bank2-international-bank-of-commerce,International Bank of Commerce,bank,bank_pod,Deposit account owned by a trust (entity depositor),no,yes,a trust is treated as an entity depositor under the business and nonpersonal accounts clause,"If Depositor is an entity, including corporation, professional corporation, limited liability company and/or partnership, unincorporated association, trust, partnership",Deposit account owned by a trust (entity depositor),8,https://assets.milestoneinternet.com/ibc-bank/pdf/deposit-account-agreement.pdf?_gl=1*zj338g*_ga*MTI0OTA1OTIxOS4xNzE5ODY5ODU0*_ga_Y7YES7L3ZL*MTcyMDUzMzY4My44LjEuMTcyMDUzNTk2NC41OS4wLjA.,,,,2026-09-26,not stated,,,,,,,,,,not stated,,,,,,,,,,not stated,,,,,,,,,,not stated,,,,,,,,,,not stated,,,,,,,,,,not stated,,,,,,,,,,not stated,,,,,,,,,,not stated,,,,,,,,,,yes,"a change of signing authority binds the bank only after written notice signed by the trustee(s), delivered to the International Bancshares Corporation president in Laredo","Bank shall not be affected or bound by any revocation, alteration or change of any authority until written notice of such revocation, signed by the President, Managing Partner, Trustee(s), Managing",Deposit account owned by a trust (entity depositor),9,https://assets.milestoneinternet.com/ibc-bank/pdf/deposit-account-agreement.pdf?_gl=1*zj338g*_ga*MTI0OTA1OTIxOS4xNzE5ODY5ODU0*_ga_Y7YES7L3ZL*MTcyMDUzMzY4My44LjEuMTcyMDUzNTk2NC41OS4wLjA.,,,,2026-09-26
flcu-ithink-financial,iTHINK Financial Credit Union,credit_union,bank_pod,Deposit account owned by a trust,yes,yes,accounts in the name of a trust are contemplated; the credit union may refuse instructions or require indemnity or a bond,"This paragraph does not apply to an account held on behalf of or in the name of a trust. ... You may request that we facilitate certain trust, will, or court-ordered account arrangements.",Deposit account owned by a trust,4,https://www.ithinkfi.org/docs/default-source/default-document-library/disclosures/membership-disclosure.pdf,DXPP02-E,2024-10,,2026-09-24,not stated,,,,,,,,,,not stated,,,,,,,,,,not stated,,,,,,,,,,not stated,,,,,,,,,,not stated,,,,,,,,,,not stated,,,,,,,,,,not stated,,,,,,,,,,not stated,,,,,,,,,,not stated,,,,,,,,,
flcu-jax-fire,JAX Fire Credit Union,credit_union,bank_pod,Revocable and irrevocable family trust accounts,yes,yes,revocable and irrevocable family trusts; all trustees must be eligible for membership and keep it for the life of the account; open in person or by phone contact,"We're now opening Trust Accounts, including both Revocable and Irrevocable Family Trusts",Revocable and irrevocable family trust accounts,web page,https://jaxfirecu.org/trust-accounts,,,,2026-09-26,not stated,,,,,,,,,,not stated,,,,,,,,,,yes,"documents showing the trust name, current trustees and successor trustees","Trust documentation showing the Trust name, current Trustees, and Successor Trustees",Revocable and irrevocable family trust accounts,web page,https://jaxfirecu.org/trust-accounts,,,,2026-09-26,not stated,,,,,,,,,,not stated,,,,,,,,,,yes,the trust's own TIN; a trustee's SSN is not accepted,Trust's unique Tax Identification Number (TIN) ... (Trust accounts cannot be opened using a Trustee's Social Security Number),Revocable and irrevocable family trust accounts,web page,https://jaxfirecu.org/trust-accounts,,,,2026-09-26,not stated,,,,,,,,,,not stated,,,,,,,,,,not stated,,,,,,,,,
flcu-jm-associates,JM Associates Federal Credit Union,credit_union,bank_pod,Accounts held on behalf of or in the name of a trust,yes,yes,the agreement refers to accounts held in the name of a trust but states no opening or documentation rules,This paragraph does not apply to an account held on behalf of or in the name of a trust.,Accounts held on behalf of or in the name of a trust,2,https://www.jmafcu.org/s/2026-Membership-Agreement-Booklet-Combined.pdf,D1001F-E,,,2026-09-26,not stated,,,,,,,,,,not stated,,,,,,,,,,not stated,,,,,,,,,,not stated,,,,,,,,,,not stated,,,,,,,,,,not stated,,,,,,,,,,not stated,,,,,,,,,,not stated,,,,,,,,,,not stated,,,,,,,,,
bank-jpmorgan-chase-bank,"JPMorgan Chase Bank, National Association",bank,bank_pod,Chase deposit account owned by a trust,no,yes,trust accounts opened with the Chase Certification of Trust,"For trust accounts, in place of any page(s) of (a) the original trust agreement, (b) any amendment to the original trust agreement, and (c) any restatement of the original trust agreement, you acknowledge and agree that we may rely solely on the Chase Certification of Trust",Chase deposit account owned by a trust,7,https://www.chase.com/content/dam/chase-ux/documents/personal/checking/deposit-account-agreement.pdf,Deposit Account Agreement,2026-06-14,,2026-09-24,yes,Chase's own certification replaces trust pages,you acknowledge and agree that we may rely solely on the Chase Certification of Trust (Certification) provided by the trustee(s).,Chase deposit account owned by a trust,7,https://www.chase.com/content/dam/chase-ux/documents/personal/checking/deposit-account-agreement.pdf,Deposit Account Agreement,2026-06-14,,2026-09-24,no,"certification in place of the agreement, amendments and restatements","in place of any page(s) of (a) the original trust agreement, (b) any amendment to the original trust agreement, and (c) any restatement of the original trust agreement",Chase deposit account owned by a trust,7,https://www.chase.com/content/dam/chase-ux/documents/personal/checking/deposit-account-agreement.pdf,Deposit Account Agreement,2026-06-14,,2026-09-24,not stated,,,,,,,,,,not stated,,,,,,,,,,yes,two IDs per trustee (Chase trust-account page),Two forms of government ID for the trustee(s),Chase deposit account owned by a trust,web page,https://www.chase.com/personal/investments/trust-account,,,,2026-09-24,not stated,,,,,,,,,,not stated,,,,,,,,,,not stated,,,,,,,,,,not stated,,,,,,,,,
bank-keybank,KeyBank National Association,bank,bank_pod,KeyBank account opened by the trustee of a written trust,no,yes,trust accounts,Trust Accounts and custody Accounts are fiduciary Accounts in which funds are held by a trustee or custodian for the benefit of another person.,KeyBank account opened by the trustee of a written trust,web page,https://online1.keybank.com/dcm/GetEdasDisclosure?bn=0101&pa=DEPS&pg=DDA&sp=KAMK&pd=000000101&output=html_complete&action=special&name=FA-KBNA,Deposit Account Agreement and Funds Availability Policy (eDAS disclosure FA-KBNA),2026-09-18,,2026-09-24,not stated,,,,,,,,,,yes,copy of the trust agreement must be shown,"If you are a trustee under a written trust agreement, you must show us a copy of the trust agreement specifying the beneficiary, the trustee, the trust property, and verifying the trustee's authority to open the Account.",KeyBank account opened by the trustee of a written trust,web page,https://online1.keybank.com/dcm/GetEdasDisclosure?bn=0101&pa=DEPS&pg=DDA&sp=KAMK&pd=000000101&output=html_complete&action=special&name=FA-KBNA,Deposit Account Agreement and Funds Availability Policy (eDAS disclosure FA-KBNA),2026-09-18,,2026-09-24,not stated,,,,,,,,,,not stated,,,,,,,,,,not stated,,,,,,,,,,not stated,,,,,,,,,,not stated,,,,,,,,,,not stated,,,,,,,,,,not stated,,,,,,,,,
flcu-keys,Keys Federal Credit Union,credit_union,bank_pod,Deposit account owned by a trust,yes,yes,trust account arrangements may be requested; the credit union may refuse instructions or require indemnity or a bond; no trust account terms stated,"You may request that we facilitate certain business, trust, will, or court- ... ordered account arrangements.",Deposit account owned by a trust,10,https://www.keysfcu.org/s/Keys-FCU-Membership-Terms-Conditions-Account-Agreement-9-21.pdf,,2020-02,,2026-09-26,not stated,,,,,,,,,,not stated,,,,,,,,,,not stated,,,,,,,,,,not stated,,,,,,,,,,not stated,,,,,,,,,,not stated,,,,,,,,,,not stated,,,,,,,,,,not stated,,,,,,,,,,not stated,,,,,,,,,
flcu-launch,Launch Credit Union,credit_union,bank_pod,Living trust deposit account,yes,yes,revocable living trust accounts on a Living Trust Account Card plus the addendum; settlor or trustee must be eligible for membership,The Settlor and/or Trustee have requested that Launch Credit Union ... establish one or more accounts for the above-named Trust,Living trust deposit account,2,https://www.launchcu.com/wpcms/wp-content/uploads/Living-Trust-Addendum.pdf,LTA092524,,,2026-09-24,yes,a certification of trust is asked for when a successor trustee takes over; at opening the settlor/trustee initial representations on the addendum instead,presentation of a current Certification of Trust signed by the Successor Trustee,Living trust deposit account,2,https://www.launchcu.com/wpcms/wp-content/uploads/Living-Trust-Addendum.pdf,LTA092524,,,2026-09-24,not stated,,,,,,,,,,not stated,,,,,,,,,,not stated,,,,,,,,,,not stated,,,,,,,,,,yes,reported under the SSN given on the Living Trust Account Card,All earned income on the Account will be reported under the TIN (Social Security Number) indicated in the TIN Certification and Backup Withholding Information box,Living trust deposit account,3,https://www.launchcu.com/wpcms/wp-content/uploads/Living-Trust-Addendum.pdf,LTA092524,,,2026-09-24,yes,"notice, certification of trust, and at CU discretion an affidavit plus death certificate, physician's incapacity certificate or notarized resignation; all co-trustees must be gone; successor signs the addendum and account cards","presentation of a current Certification of Trust signed by the Successor Trustee. Prior to allowing the Successor Trustee to transact the Account, the Credit Union may, in its sole discretion, require presentation of the Successor Trustee's affidavit attesting to the death, incapacity or resignation of the Trustee",Living trust deposit account,2,https://www.launchcu.com/wpcms/wp-content/uploads/Living-Trust-Addendum.pdf,LTA092524,,,2026-09-24,yes,"CU may pay the successor trustee, the trust, the beneficiaries named in the addendum (surviving ones equally) or deposit with the Brevard County clerk","Upon the revocation or termination of the trust or death of the Settlor ... the Credit Union may, at is option and without liability, distribute the balance of the account to the successor trustee, or to the name of the trust at the last known address of the trust, or to the beneficiaries named in this Addendum",Living trust deposit account,3,https://www.launchcu.com/wpcms/wp-content/uploads/Living-Trust-Addendum.pdf,LTA092524,,,2026-09-24,yes,written amendment signed by the settlor,"The Settlor shall have the power, at any time upon reasonable notice to the Credit Union, to terminate the authority of the Trustee, to replace the Trustee ... No change shall be effective until a written amendment to this Agreement is signed by the Settlor and provided to the Credit Union",Living trust deposit account,2,https://www.launchcu.com/wpcms/wp-content/uploads/Living-Trust-Addendum.pdf,LTA092524,,,2026-09-24
flcu-mccoy,McCoy Federal Credit Union,credit_union,bank_pod,Deposit account owned by a trust,yes,yes,trustee-held fiduciary accounts; the credit union does not monitor the trust terms,This account may be opened and maintained by a person or persons named as a trustee under a written trust agreement,Deposit account owned by a trust,6,https://www.mccoyfcu.org/uploads/pdf/AccountDisclosure-EN-Dec18.pdf,,,,2026-09-24,not stated,,,,,,,,,,not stated,,,,,,,,,,not stated,,,,,,,,,,not stated,,,,,,,,,,not stated,,,,,,,,,,not stated,,,,,,,,,,not stated,,,,,,,,,,not stated,,,,,,,,,,not stated,,,,,,,,,
bank-mechanics-bank,Mechanics Bank,bank,bank_pod,Mechanics trust and other fiduciary account,no,yes,trustee accounts,"Legal title to the account is owned by the signing party(ies) as trustee, custodian, guardian, executor, administrator, conservator, or other fiduciary for the named beneficiary(ies) under a separate trust agreement",Mechanics trust and other fiduciary account,3,https://prdcms.mechanicsbank.com/contentassets/9e0348bebd2b44b2a8fa059267bcab78/1200-personal-account-agreement-disclosure-mkt10000-v3-final-mkt-copy.pdf,MKT10000 v3,2026-03-23,,2026-09-24,yes,certification of trust,You may be asked to provide a copy of relevant pages of the trust agreement and execute a trustee's certification of trust or other documents.,Mechanics trust and other fiduciary account,3,https://prdcms.mechanicsbank.com/contentassets/9e0348bebd2b44b2a8fa059267bcab78/1200-personal-account-agreement-disclosure-mkt10000-v3-final-mkt-copy.pdf,MKT10000 v3,2026-03-23,,2026-09-24,no,relevant pages only,You may be asked to provide a copy of relevant pages of the trust agreement,Mechanics trust and other fiduciary account,3,https://prdcms.mechanicsbank.com/contentassets/9e0348bebd2b44b2a8fa059267bcab78/1200-personal-account-agreement-disclosure-mkt10000-v3-final-mkt-copy.pdf,MKT10000 v3,2026-03-23,,2026-09-24,yes,relevant pages or a certification,select pages of trust agreements (or certifications of trust),Mechanics trust and other fiduciary account,8,https://prdcms.mechanicsbank.com/contentassets/9e0348bebd2b44b2a8fa059267bcab78/1200-personal-account-agreement-disclosure-mkt10000-v3-final-mkt-copy.pdf,MKT10000 v3,2026-03-23,,2026-09-24,not stated,,,,,,,,,,not stated,,,,,,,,,,not stated,,,,,,,,,,not stated,,,,,,,,,,not stated,,,,,,,,,,not stated,,,,,,,,,
flcu-members-first-of-flori,Members First Credit Union of Florida,credit_union,bank_pod,Share account owned by a trust,yes,yes,"a trust qualified for membership may own an individual account; the POD paragraph ""does not apply to an account held on behalf of or in the name of a trust""","An individual account is an account owned by one (1) member (individual, corporation, partnership, trust, or other organization) qualified for credit union membership.",Share account owned by a trust,1,https://www.membersfirstfl.org/files/mfcufl/1/file/Membership_and_Account_Agreement.pdf,D09DE1,,2021-08-27,2026-09-26,not stated,,,,,,,,,,not stated,,,,,,,,,,not stated,,,,,,,,,,not stated,,,,,,,,,,not stated,,,,,,,,,,not stated,,,,,,,,,,not stated,,,,,,,,,,not stated,,,,,,,,,,not stated,,,,,,,,,
bank2-metropolitan-commercial-bank,Metropolitan Commercial Bank,bank,bank_pod,Deposit account owned by a trust (fiduciary account),no,yes,trustees under a written trust agreement may open a fiduciary account; the bank is not a trustee and does not monitor the trust terms,A fiduciary account may be opened and maintained by a person or persons named as a trustee under a written trust agreement,Deposit account owned by a trust (fiduciary account),9,https://mcbankny.com/wp-content/uploads/2025/09/Consumer-Deposit-Agreement_9.22.25.pdf,MNB505,,2026-01-04,2026-09-26,not stated,,,,,,,,,,not stated,,,,,,,,,,not stated,,,,,,,,,,not stated,,,,,,,,,,not stated,,,,,,,,,,not stated,,,,,,,,,,not stated,,,,,,,,,,not stated,,,,,,,,,,not stated,,,,,,,,,
flcu-miami-firefighters,Miami Firefighters Federal Credit Union,credit_union,bank_pod,Share account owned by a trust,yes,yes,a trust qualified for membership may own an individual account; the POD/trust designation paragraph does not apply to an account held in the name of a trust,"An individual account is an account owned by one (1) member (individual, corporation, partnership, trust or other organization) qualified for credit union membership.",Share account owned by a trust,1,https://www.mffcu.org/files/mffcu/1/file/MEMBERSHIP-AGREEMENT.pdf,D10015,2007-03,,2026-09-26,not stated,,,,,,,,,,not stated,,,,,,,,,,not stated,,,,,,,,,,not stated,,,,,,,,,,not stated,,,,,,,,,,not stated,,,,,,,,,,not stated,,,,,,,,,,not stated,,,,,,,,,,not stated,,,,,,,,,
flcu-miami-postal-service,Miami Postal Service Credit Union,credit_union,bank_pod,Deposit account owned by a trust,yes,not stated,,,,,,,,,,not stated,,,,,,,,,,not stated,,,,,,,,,,not stated,,,,,,,,,,not stated,,,,,,,,,,not stated,,,,,,,,,,not stated,,,,,,,,,,not stated,,,,,,,,,,not stated,,,,,,,,,,not stated,,,,,,,,,
bank-midfirst-bank,MidFirst Bank,bank,bank_pod,MidFirst fiduciary account,no,yes,fiduciary accounts on submitted documents,"Business, fiduciary, and association Accounts are held under the terms of documents submitted to us by the person(s) opening the Account",MidFirst fiduciary account,1,https://www.uco.edu/fin-ops/files/card/uco-midfirst-agreement.pdf,Account Agreement and Disclosure,2023-11,,2026-09-24,not stated,,,,,,,,,,not stated,,,,,,,,,,not stated,,,,,,,,,,not stated,,,,,,,,,,not stated,,,,,,,,,,not stated,,,,,,,,,,not stated,,,,,,,,,,not stated,,,,,,,,,,not stated,,,,,,,,,
flcu-midflorida,MidFlorida Credit Union,credit_union,bank_pod,Deposit account owned by a trust,yes,yes,fiduciary account opened by the trustee(s); the credit union does not monitor the trust terms,This account may be opened and maintained by a person or persons named as a trustee under a written trust agreement,Deposit account owned by a trust,4,https://www.midflorida.com/MidFlorida/media/Documents/Account/2023-Terms-and-Conditions.pdf,EFLAIB31,2019-08-01,,2026-09-24,not stated,,,,,,,,,,not stated,,,,,,,,,,not stated,,,,,,,,,,not stated,,,,,,,,,,not stated,,,,,,,,,,not stated,,,,,,,,,,not stated,,,,,,,,,,not stated,,,,,,,,,,not stated,,,,,,,,,
bank-morgan-stanley-private-bank,"Morgan Stanley Private Bank, National Association",bank,bank_pod,Morgan Stanley Private Bank (E*TRADE) deposit account owned by a trust,no,yes,"revocable, irrevocable and testamentary trusts",BANK ACCOUNT APPLICATION FOR ESTATES AND TRUSTS,Morgan Stanley Private Bank (E*TRADE) deposit account owned by a trust,1,https://content.etrade.com/etrade/mssb/pdf/ETB_trustaccountapplication.pdf,3429,2026-08,,2026-09-24,yes,"the bank's own trustee certification form, together with trust excerpts","TRUSTEE CERTIFICATION OF TRUSTEE POWER ... certify to Morgan Stanley Private Bank that the following is true, under the penalty of perjury.",Morgan Stanley Private Bank (E*TRADE) deposit account owned by a trust,10,https://content.etrade.com/etrade/mssb/pdf/ETB_trustaccountapplication.pdf,3429,2026-08,,2026-09-24,yes,at opening first and signature pages only; the full trust agreement on written request,"acknowledge Morgan Stanley Private Bank's right but not an obligation, to examine the Trust Agreement and hereby agree to provide you with a copy of the Trust Agreement if so requested in writing.",Morgan Stanley Private Bank (E*TRADE) deposit account owned by a trust,10,https://content.etrade.com/etrade/mssb/pdf/ETB_trustaccountapplication.pdf,3429,2026-08,,2026-09-24,yes,"first and signature pages; testamentary trusts need will pages, death certificate and proof of court filing","First pages of Trust Agreement (noting the name of the Trust, Trustee(s) name(s) and the Grantor(s) name(s)) AND Signature pages of Trust Agreement ... Pages of the will where trust is established and trustees are named, AND first and signature pages)",Morgan Stanley Private Bank (E*TRADE) deposit account owned by a trust,2,https://content.etrade.com/etrade/mssb/pdf/ETB_trustaccountapplication.pdf,3429,2026-08,,2026-09-24,yes,all trustees sign the certification; bank policy may require all co-trustees' written approval even if the trust lets one act alone,The Trust Certification is being signed by all of the currently acting trustees of the Trust. ... ALL TRUSTEES MUST SIGN,Morgan Stanley Private Bank (E*TRADE) deposit account owned by a trust,10,https://content.etrade.com/etrade/mssb/pdf/ETB_trustaccountapplication.pdf,3429,2026-08,,2026-09-24,yes,"ID number, SSN and date of birth for each trustee","Driver's License, State-Issued ID, or Military ID Number",Morgan Stanley Private Bank (E*TRADE) deposit account owned by a trust,4,https://content.etrade.com/etrade/mssb/pdf/ETB_trustaccountapplication.pdf,3429,2026-08,,2026-09-24,yes,grantor SSN (grantor signs if not a trustee) or trust TIN,Trust reporting under the grantor's SSN (Trustee is NOT the grantor),Morgan Stanley Private Bank (E*TRADE) deposit account owned by a trust,2,https://content.etrade.com/etrade/mssb/pdf/ETB_trustaccountapplication.pdf,3429,2026-08,,2026-09-24,not stated,,,,,,,,,,yes,certified death certificate for a deceased grantor,Please indicate whether grantor is living or deceased (Certified Death Certificate is required),Morgan Stanley Private Bank (E*TRADE) deposit account owned by a trust,2,https://content.etrade.com/etrade/mssb/pdf/ETB_trustaccountapplication.pdf,3429,2026-08,,2026-09-24,yes,prompt written notice of a trustee change or amendment,"We agree to promptly inform you, in writing, of any amendment to the Trust, any change in the composition of the Trustees or any other event which could alter the certifications made above.",Morgan Stanley Private Bank (E*TRADE) deposit account owned by a trust,10,https://content.etrade.com/etrade/mssb/pdf/ETB_trustaccountapplication.pdf,3429,2026-08,,2026-09-24
cu-navy-federal,Navy Federal Credit Union,credit_union,bank_pod,"Deposit Trust Account (trust-owned savings, checking, MMSA, certificates)",no,yes,open new or retitle existing accounts; all grantors or all trust beneficiaries must generally be members,This application is used to reassign or establish accounts in the name of a Legal Trust.,"Deposit Trust Account (trust-owned savings, checking, MMSA, certificates)",6,https://www.navyfederal.org/content/dam/nfculibs/pdfs/certificates-ira-trust/1215e.pdf,678A,,,2026-09-24,not stated,,,,,,,,,,no,only listed trust pages; the disclosure also refers to the Declaration of Trust accompanying the application,"a copy of the Legal Trust pages that: (1) name the Legal Trust, (2) provide the signatures that established the Trust, and (3) provide the","Deposit Trust Account (trust-owned savings, checking, MMSA, certificates)",6,https://www.navyfederal.org/content/dam/nfculibs/pdfs/certificates-ira-trust/1215e.pdf,678A,,,2026-09-24,yes,"pages naming the trust, the signature pages, and the trustee designations","a copy of the Legal Trust pages that: (1) name the Legal Trust, (2) provide the signatures that established the Trust, and (3) provide the","Deposit Trust Account (trust-owned savings, checking, MMSA, certificates)",6,https://www.navyfederal.org/content/dam/nfculibs/pdfs/certificates-ira-trust/1215e.pdf,678A,,,2026-09-24,yes,trustee and each co-trustee sign; any trustee may withdraw,Signature of Trustee (required) ... Signature of Co-Trustee (if applicable) ... or in part by any Trustee/Co-Trustee,"Deposit Trust Account (trust-owned savings, checking, MMSA, certificates)",8,https://www.navyfederal.org/content/dam/nfculibs/pdfs/certificates-ira-trust/1215e.pdf,678A,,,2026-09-24,yes,government ID for trustee and co-trustee,Driver's License or Government ID No./State,"Deposit Trust Account (trust-owned savings, checking, MMSA, certificates)",6,https://www.navyfederal.org/content/dam/nfculibs/pdfs/certificates-ira-trust/1215e.pdf,678A,,,2026-09-24,yes,grantor SSN or trust EIN while living; EIN required once a grantor whose SSN is used dies,"This application requires a Social Security number (SSN/ITIN) or an Employer Identification Number ... The tax ID on the trust must be an EIN, as we are not able to use a decedent's SSN.","Deposit Trust Account (trust-owned savings, checking, MMSA, certificates)",1,https://www.navyfederal.org/content/dam/nfculibs/pdfs/certificates-ira-trust/678d.pdf,678D,,,2026-09-24,yes,"new 678AS application, trust EIN, confirm beneficiaries' membership; a non-member successor closing the account gives photo ID and trust pages naming the trust, listing successor trustees and signatures","the successor trustee will need to: ... Provide an updated NFCU 678AS ... Provide an Employer Identification Number (EIN) ... If the successor trustee is not a current Navy Federal member, the letter must be accompanied by a copy of an acceptable","Deposit Trust Account (trust-owned savings, checking, MMSA, certificates)",1,https://www.navyfederal.org/content/dam/nfculibs/pdfs/certificates-ira-trust/678d.pdf,678D,,,2026-09-24,yes,surviving co-grantor updates the tax ID if the decedent's SSN was used; successor trustee files 678AS with an EIN; if trust beneficiaries are not members the trust account must be closed,"Upon the death of a grantor/original trustee, the co-grantor/co-trustee will need to verify what tax ID (SSN/EIN/TIN) was used at ... If the beneficiary(ies) is/are not eligible or decline to obtain membership with Navy Federal, you will need to dissolve the","Deposit Trust Account (trust-owned savings, checking, MMSA, certificates)",1,https://www.navyfederal.org/content/dam/nfculibs/pdfs/certificates-ira-trust/678d.pdf,678D,,,2026-09-24,yes,new 678AS plus supporting documents for added co-trustees; owners must notify Navy Federal of trust changes,"If new co-trustees are to be added at this time, a new NFCU 678AS must be completed and supporting documentation to show","Deposit Trust Account (trust-owned savings, checking, MMSA, certificates)",1,https://www.navyfederal.org/content/dam/nfculibs/pdfs/certificates-ira-trust/678d.pdf,678D,,,2026-09-24
bank-old-national-bank,Old National Bank,bank,bank_pod,Old National trustee and other fiduciary accounts,no,yes,trustee accounts under a written trust,"These Accounts are held by one or more people who have been entrusted with the funds and are authorized to act for the benefit of another person, sometimes called the beneficiary, pursuant to a written trust agreement, court order or other authority.",Old National trustee and other fiduciary accounts,10,https://www.oldnational.com/globalassets/onb-site/onb-documents/onb-disclosures/deposit-account-agreement-disclosure.pdf,Deposit Account Agreement & Disclosure,,,2026-09-24,not stated,,,,,,,,,,not stated,,,,,,,,,,not stated,,,,,,,,,,not stated,,,,,,,,,,not stated,,,,,,,,,,not stated,,,,,,,,,,not stated,,,,,,,,,,not stated,,,,,,,,,,not stated,,,,,,,,,
cu-onpoint,OnPoint Community Credit Union,credit_union,bank_pod,OnPoint account for a formal trust,no,yes,formal trust accounts offered; trustor must be eligible for membership,An account for a formal trust is held by one or more trustees of a trust for the benefit of one or more beneficiaries under a written trust agreement.,OnPoint account for a formal trust,6,https://www.onpointcu.com/files/Consumer_Membership-Account-Agreement_Current.pdf,,2026-04-01,,2026-09-24,yes,certification of trust named among the evidence OnPoint may request,"The trustee must sign an application and provide any other evidence of the trustee's authority that we request, including without limitation, a certification of trust.",OnPoint account for a formal trust,6,https://www.onpointcu.com/files/Consumer_Membership-Account-Agreement_Current.pdf,,2026-04-01,,2026-09-24,not stated,,,,,,,,,,not stated,,,,,,,,,,yes,trustee signs the application; any one trustee may act alone,The trustee must sign an application ... We may release funds to any one trustee acting alone or with a co-trustee.,OnPoint account for a formal trust,6,https://www.onpointcu.com/files/Consumer_Membership-Account-Agreement_Current.pdf,,2026-04-01,,2026-09-24,not stated,,,,,,,,,,not stated,,,,,,,,,,yes,proper evidence of authority required before payment; type of evidence not specified,"We may withhold payment of funds to any party until proper evidence of authority is provided. ... This Agreement is binding on the trust, any trustee, successor trustee, and beneficiaries.",OnPoint account for a formal trust,6,https://www.onpointcu.com/files/Consumer_Membership-Account-Agreement_Current.pdf,,2026-04-01,,2026-09-24,not stated,,,,,,,,,,yes,written notice of a change of trustee,The trustee agrees to notify us in writing if a change of trustee occurs.,OnPoint account for a formal trust,6,https://www.onpointcu.com/files/Consumer_Membership-Account-Agreement_Current.pdf,,2026-04-01,,2026-09-24
flcu-penair,PenAir Credit Union,credit_union,bank_pod,Deposit account owned by a trust,yes,not stated,,,,,,,,,,not stated,,,,,,,,,,not stated,,,,,,,,,,not stated,,,,,,,,,,not stated,,,,,,,,,,not stated,,,,,,,,,,not stated,,,,,,,,,,not stated,,,,,,,,,,not stated,,,,,,,,,,not stated,,,,,,,,,
cu-penfed,Pentagon Federal Credit Union (PenFed),credit_union,bank_pod,Revocable living trust (RLT) deposit accounts; Irrevocable trust (IRT) deposit accounts,no,yes,"secondary share, checking, money market savings, Premium Online Savings and certificates can be opened or retitled in the RLT; the primary share account, loans and IRAs cannot","Thank you for your interest in establishing an account in the name of your revocable living trust with Pentagon Federal Credit Union (PenFed). ... You cannot re-title your primary share account, loans or Individual Retirement Accounts (IRAs).",Revocable living trust (RLT) deposit accounts,1,https://www.penfed.org/content/dam/penfed/general/pdf/Forms/general/RLT-Instructions-w-Forms-77-and-74.pdf,1378,2016-06,,2026-09-24,yes,"PenFed's own Declaration of Trust (Form 74) signed by the grantor (or a trustee if the grantor is deceased); an RLT with its own TIN also sends the trust agreement or a certificate of trust (trust name, grantors, trustees, trustee signatures witnessed and notarized)","I certify the above information is consistent with the terms and conditions of the above named trust dated ... Trust agreement or Trust Certificate. If choosing the Certificate of Trust, it must include the following:",Revocable living trust (RLT) deposit accounts,4,https://www.penfed.org/content/dam/penfed/general/pdf/Forms/general/RLT-Instructions-w-Forms-77-and-74.pdf,1378,2016-06,,2026-09-24,no,no copy for an RLT under the grantor's SSN (2016 instructions); an RLT with its own TIN may send a certificate of trust instead of the agreement,A copy of your trust is not required. ... Additional documents required if your RLT has its own Tax Identification Number: ... Trust agreement or Trust Certificate.,Revocable living trust (RLT) deposit accounts,web page,https://www.penfed.org/forms,,,2026-09-11,2026-09-24,not stated,,,,,,,,,,yes,all primary trustees sign Form 77; grantors and trustees sign the application; any one trustee may withdraw,All primary trustees listed on form 74 must sign the bottom of this form. ... Sums deposited and accumulations to the account shall be held and subject to the withdrawal or receipt of a trustee.,Revocable living trust (RLT) deposit accounts,1,https://www.penfed.org/content/dam/penfed/general/pdf/Forms/general/RLT-Instructions-w-Forms-77-and-74.pdf,1378,2016-06,,2026-09-24,yes,"grantors and trustees must be members; Declaration lists name, date of birth, SSN and address of each","requires all grantors and trustees to become PenFed members before establishing accounts titled under a trust ... Please provide the identity of the Grantor(s), Trustee(s), Successor Trustee(s), and Beneficiaries on this form as indicated in the Trust.",Revocable living trust (RLT) deposit accounts,web page,https://www.penfed.org/forms,,,2026-09-11,2026-09-24,yes,trust TIN required on Form 77; an RLT under the grantor's SSN gets a secondary account under the grantor's membership; an RLT with its own TIN gets its own membership and sends the IRS TIN letter,"The Tax Identification Number (TIN) for the Trust is ... If your RLT is under your Social Security number, PenFed will establish a secondary account in the name of your Trust. ... IRS Assignment of TIN Verification Letter",Revocable living trust (RLT) deposit accounts,web page,https://www.penfed.org/forms,,,2026-09-11,2026-09-24,yes,death certificate for a deceased grantor or trustee,"If a Grantor or Trustee is deceased and the Certificate of Trust does not list a deceased date, obtain a death certificate for the deceased individual.",Irrevocable trust (IRT) deposit accounts,web page,https://www.penfed.org/forms,,,2026-09-11,2026-09-24,yes,paid out on the trustee's or successor trustee's instructions; a trustee signs the Declaration if the grantor is deceased,"Upon the death of the grantor, or, if more than one grantor, upon the death of the last surviving grantor, the balance remaining in the account(s) shall be distributed by PenFed pursuant to the instructions of the trustee(s) or successor trustee(s). These accounts will not be maintained more than four (4) years after the death of the last surviving trustee.",Revocable living trust (RLT) deposit accounts,2,https://www.penfed.org/content/dam/penfed/general/pdf/Forms/general/RLT-Instructions-w-Forms-77-and-74.pdf,1378,2016-06,,2026-09-24,yes,revised Declaration of Trust; effective only once PenFed acknowledges receipt,The trustee(s) agree to immediately inform PenFed of changes to the Revocable Trust Agreement and will deliver a revised Declaration of Trust to PenFed. Changes will not be effective to the account(s) until the revised Declaration of Trust has been received by PenFed,Revocable living trust (RLT) deposit accounts,2,https://www.penfed.org/content/dam/penfed/general/pdf/Forms/general/RLT-Instructions-w-Forms-77-and-74.pdf,1378,2016-06,,2026-09-24
flbank-pibank,"Pibank, National Association",bank,bank_pod,Deposit account owned by a trust,yes,no,only individual or joint ownership by natural persons (18 or older with an SSN); no trust ownership offered,"you may choose to own the Account either (a) individually or (b) joint in the entirety with rights of survivorship ... Accounts are not available for U.S. non-resident aliens, businesses or for business use.",Deposit account owned by a trust,2,https://www.pibank.com/wp-content/uploads/2025/10/Deposit-Agreement-March-2025.pdf,,2025-03,,2026-09-24,not stated,,,,,,,,,,not stated,,,,,,,,,,not stated,,,,,,,,,,not stated,,,,,,,,,,not stated,,,,,,,,,,not stated,,,,,,,,,,not stated,,,,,,,,,,not stated,,,,,,,,,,not stated,,,,,,,,,
bank2-plainscapital-bank,PlainsCapital Bank,bank,bank_pod,Trust account established under a written trust agreement,no,yes,trustees own the account; the bank acts only as custodian and does not inquire into trustee powers; a time deposit may be retitled into a living trust without early withdrawal penalty,A trust account established under a written trust agreement is one established by one or more account owners acting as trustee for the benefit of one or more beneficiaries pursuant to ... a written trust agreement. The parties named as trustees own the account,Trust account established under a written trust agreement,20,https://www.plainscapital.com/media/70987/personal-deposit-account-agreement-02-14.pdf,,2014-02-14,2015-03-25,2026-09-26,not stated,,,,,,,,,,not stated,,,,,,,,,,not stated,,,,,,,,,,not stated,,,,,,,,,,not stated,,,,,,,,,,not stated,,,,,,,,,,not stated,,,,,,,,,,yes,on the last surviving trustee's death (usually the grantor as trustee) ownership passes to the beneficiary unless the trust agreement says otherwise,"On the death of the last surviving trustee, or as otherwise specified in the written trust agreement, the ownership of the account passes to the beneficiary.",Trust account established under a written trust agreement,21,https://www.plainscapital.com/media/70987/personal-deposit-account-agreement-02-14.pdf,,2014-02-14,2015-03-25,2026-09-26,not stated,,,,,,,,,
bank-pnc-bank,"PNC Bank, National Association",bank,bank_pod,PNC deposit account held by a trustee (fiduciary account),no,yes,trustee designated on bank records,"Any individual acting as an attorney-in-fact, agent, guardian, personal representative, trustee, custodian or some other fiduciary capacity (collectively, an ""agent"") must be designated by us as such on our records.",PNC deposit account held by a trustee (fiduciary account),11,https://www.pnc.com/content/dam/pnc-com/pdf/personal/Checking/Account-Agreement-Personal-Accounts.pdf,RDAOPM11-0926,2026-09-20,,2026-09-24,not stated,,,,,,,,,,not stated,,,,,,,,,,not stated,,,,,,,,,,not stated,,,,,,,,,,not stated,,,,,,,,,,not stated,,,,,,,,,,not stated,,,,,,,,,,not stated,,,,,,,,,,yes,written notice ends a trustee's authority,The Bank is authorized to follow the directions of your agent regarding your Account until it receives written notice that the agency or fiduciary relationship has been terminated and has had reasonable time to act upon that notice.,PNC deposit account held by a trustee (fiduciary account),11,https://www.pnc.com/content/dam/pnc-com/pdf/personal/Checking/Account-Agreement-Personal-Accounts.pdf,RDAOPM11-0926,2026-09-20,,2026-09-24
bank-provident-bank,Provident Bank,bank,bank_pod,Provident trust/fiduciary account,no,yes,trust accounts (informal unless written notice of a trust is given),"Deposits may be made by one or two persons in trust for another (the ""beneficiary""). Any action in connection with the Account, including withdrawals, may be made only by the trustee",Provident trust/fiduciary account,18,https://www.provident.bank/media/4405/45442_provident-account-terms_rev1.pdf,PV-1626,2023-04-17,,2026-09-24,not stated,,,,,,,,,,not stated,,,,,,,,,,not stated,,,,,,,,,,yes,only the trustee(s) act (in trust for accounts),"Any action in connection with the Account, including withdrawals, may be made only by the trustee, or if there is more than one trustee, by all trustees, any trustee, or the survivor/surviving trustee(s).",Provident trust/fiduciary account,18,https://www.provident.bank/media/4405/45442_provident-account-terms_rev1.pdf,PV-1626,2023-04-17,,2026-09-24,not stated,,,,,,,,,,not stated,,,,,,,,,,not stated,,,,,,,,,,yes,"paid to the beneficiary when all trustees die, absent notice of a written trust","upon the death of the trustee, or if there are two trustees, upon the death of both trustees, the funds on deposit will be paid upon request to the beneficiary, or to his or her legal representative.",Provident trust/fiduciary account,18,https://www.provident.bank/media/4405/45442_provident-account-terms_rev1.pdf,PV-1626,2023-04-17,,2026-09-24,not stated,,,,,,,,,
flcu-publix-employees,Publix Employees Federal Credit Union,credit_union,bank_pod,Fiduciary (trustee) share accounts,yes,yes,trustee opens a fiduciary account; the credit union does not act as trustee or monitor the trust terms,This account may be opened and maintained by a person or persons named as a trustee under a written trust agreement,Fiduciary (trustee) share accounts,8,https://www.pefcu.com/assets/images/PEFCU_Disclosure.pdf,D1001E-E,,,2026-09-24,not stated,,,,,,,,,,not stated,,,,,,,,,,not stated,,,,,,,,,,not stated,,,,,,,,,,not stated,,,,,,,,,,not stated,,,,,,,,,,not stated,,,,,,,,,,not stated,,,,,,,,,,not stated,,,,,,,,,
flcu-radiant,Radiant Credit Union,credit_union,bank_pod,Deposit account owned by a trust,yes,yes,accounts in the name of a trust are acknowledged; the CU may refuse instructions or require indemnity or a bond,"This paragraph does not apply to an account held on behalf of or in the name of a trust. ... You may request that we facilitate certain trust, will, or court-ordered account arrangements.",Deposit account owned by a trust,4,https://www.radiantcu.org/hubfs/Helpful%20Documents/Consumer%20Membership%20Agreement%20and%20Disclosures.pdf,DXPS02-E,2020-11,,2026-09-24,not stated,,,,,,,,,,not stated,,,,,,,,,,not stated,,,,,,,,,,not stated,,,,,,,,,,not stated,,,,,,,,,,not stated,,,,,,,,,,not stated,,,,,,,,,,not stated,,,,,,,,,,not stated,,,,,,,,,
flcu-radifi,Radifi Federal Credit Union,credit_union,bank_pod,Deposit account owned by a trust,yes,yes,trustees must be within the field of membership or family of a member,"To open an account titled in the name of a trust, you will need to complete a Trust Account Agreement",Deposit account owned by a trust,web page,https://www.radificu.org/help/,,,,2026-09-24,yes,a certificate of trust is listed as required on one help answer and may be relied on under the agreement,"To open a trust account, you must provide the following: ... Certificate of Trust ... The Parties acknowledge that the Credit Union may rely upon the Certificate of Trust, if provided.",Deposit account owned by a trust,1,https://www.radificu.org/help/,,,,2026-09-24,no,not at opening; a complete copy must be supplied on request,The Parties acknowledge that Credit Union has not received a copy of the Trust Document; but the Parties agree to provide Credit Union with a complete copy of any Trust Document it requests,Deposit account owned by a trust,1,https://www.radificu.org/files/Radifi-Trust-Agreement.pdf,,,2023-06-06,2026-09-24,yes,"title page, trustee page and successor trustee page","provide a copy of the first page showing how the trust should be titled, a copy of the page designating the trustees, and the page naming the successors.",Deposit account owned by a trust,web page,https://www.radificu.org/help/,,,,2026-09-24,yes,"settlors, current trustees and successor trustees sign the agreement; any one trustee may act alone",Settlor - Member ... Current Trustee ... Successor Trustee ... the Parties agree that each Trustee may act alone in transacting any business with Credit Union,Deposit account owned by a trust,2,https://www.radificu.org/files/Radifi-Trust-Agreement.pdf,,,2023-06-06,2026-09-24,not stated,,,,,,,,,,yes,trust TIN or an SSN,Tax Identification Number for the Trust (or to be used for the membership) ... TIN or SSN for Trust,Deposit account owned by a trust,web page,https://www.radificu.org/help/,,,,2026-09-24,yes,"at the credit union's discretion, from none to further documents, consents or interpleader; a successor named in the agreement may act on notice that all current trustees died, became incompetent or resigned","In the event that anyone claims to be a successor Trustee, Credit Union has the discretion to do any of the following: accept such representation without documentation; require further documentation that such person is the Successor Trustee",Deposit account owned by a trust,2,https://www.radificu.org/files/Radifi-Trust-Agreement.pdf,,,2023-06-06,2026-09-24,not stated,,,,,,,,,,yes,remaining trustee continues on notice from any trustee or beneficiary; if all trustees are gone before a successor is named the credit union may interplead,"In the event Credit Union receives notice of the death, incompetency, resignation or removal of a Current Trustee, the Parties authorize Credit Union to treat any remaining Current Trustee named in this Agreement in the same manner as the Current Trustee",Deposit account owned by a trust,2,https://www.radificu.org/files/Radifi-Trust-Agreement.pdf,,,2023-06-06,2026-09-24
cu-rbfcu,Randolph-Brooks Federal Credit Union,credit_union,bank_pod,Trust-owned share accounts,no,yes,"revocable or irrevocable trusts, at RBFCU's option and subject to membership requirements","At our option, we may accept deposits in the name of a revocable or irrevocable trust",Trust-owned share accounts,6,https://www.rbfcu.org/docs/default-source/membership/membership-agreement-and-disclosures.pdf,M161AA,,,2026-09-24,yes,listed for settling a deceased member's accounts (either document),Certificate of Trust or Trust Agreement,Trust-owned share accounts,5,https://www.rbfcu.org/docs/default-source/membership/how-to-settle-deceased-bank-accounts.pdf,,,,2026-09-24,not stated,,,,,,,,,,not stated,,,,,,,,,,yes,any one trustee may withdraw,we are authorized to release the funds in any such Account upon the signature of any Trustee,Trust-owned share accounts,6,https://www.rbfcu.org/docs/default-source/membership/membership-agreement-and-disclosures.pdf,M161AA,,,2026-09-24,not stated,,,,,,,,,,not stated,,,,,,,,,,not stated,,,,,,,,,,yes,"settlement documents, death certificate, certificate of trust or trust agreement, amendments, IRS EIN letter for the trust",Death Certificate ... Certificate of Trust or Trust Agreement ... Trust Amendments (only if applicable) ... EIN documentation for Trust (IRS letter assigning EIN),Trust-owned share accounts,5,https://www.rbfcu.org/docs/default-source/membership/how-to-settle-deceased-bank-accounts.pdf,,,,2026-09-24,not stated,,,,,,,,,
bank-regions-bank,Regions Bank,bank,bank_pod,Regions formal trust account,no,yes,written trust agreement or will provided at opening,A formal trust account is an account held by one or more trustees for the benefit of one or more beneficiaries according to a written trust agreement or a will provided to us at the time the account is opened.,Regions formal trust account,31,https://www.regions.com/-/media/pdfs/terms/Deposit-Agreement.pdf,Deposit Agreement,2026-09,,2026-09-24,yes,"certificates or affidavits, possibly signed by each beneficiary too","we may require the trustee(s) and/or each beneficiary to execute certain certificates, affidavits, and/or instruments attesting to ... the terms of the trust ... We may accept such certificates, affidavits, and/or instruments in lieu of accepting and/ or reviewing a copy of the trust instrument",Regions formal trust account,31,https://www.regions.com/-/media/pdfs/terms/Deposit-Agreement.pdf,Deposit Agreement,2026-09,,2026-09-24,not stated,,,,,,,,,,not stated,,,,,,,,,,not stated,,,,,,,,,,not stated,,,,,,,,,,not stated,,,,,,,,,,yes,legal documents satisfactory to the bank before funds are released,"If the trustee(s) die or are replaced, then we will not release any funds until we are satisfied that all required legal documents have been delivered to us",Regions formal trust account,31,https://www.regions.com/-/media/pdfs/terms/Deposit-Agreement.pdf,Deposit Agreement,2026-09,,2026-09-24,not stated,,,,,,,,,,yes,as above,"If the trustee(s) die or are replaced, then we will not release any funds until we are satisfied that all required legal documents have been delivered to us",Regions formal trust account,31,https://www.regions.com/-/media/pdfs/terms/Deposit-Agreement.pdf,Deposit Agreement,2026-09,,2026-09-24
bank-rockland-trust-company,Rockland Trust Company,bank,bank_pod,Rockland written trust agreement deposit account,no,yes,discretionary,"From time to time, we may allow a Trustee of a formal written trust to open a trust account.",Rockland written trust agreement deposit account,10,https://www.rocklandtrust.com/assets/files/T7YMA5SW,Personal Account Disclosure Statements,2026-07-21,,2026-09-24,yes,certification of trust; every trust beneficiary must be a natural person,"To open such a deposit account, we may require a certification of trust, the name and address of the Beneficiary(ies) (all of whom must be natural persons), and any other information or documentation that we may request.",Rockland written trust agreement deposit account,10,https://www.rocklandtrust.com/assets/files/T7YMA5SW,Personal Account Disclosure Statements,2026-07-21,,2026-09-24,not stated,,,,,,,,,,not stated,,,,,,,,,,yes,a trustee or other fiduciary must be designated as such on the signature card,must be so designated to the Bank on the signature card,Rockland written trust agreement deposit account,12,https://www.rocklandtrust.com/assets/files/T7YMA5SW,Personal Account Disclosure Statements,2026-07-21,,2026-09-24,not stated,,,,,,,,,,not stated,,,,,,,,,,not stated,,,,,,,,,,not stated,,,,,,,,,,yes,the bank follows the fiduciary until written notice of termination,The Bank is authorized to follow the directions of your Fiduciary regarding your deposit account until it receives written notice that the Fiduciary appointment has been terminated and it has had a reasonable time to act upon the notice.,Rockland written trust agreement deposit account,12,https://www.rocklandtrust.com/assets/files/T7YMA5SW,Personal Account Disclosure Statements,2026-07-21,,2026-09-24
bank2-sandt-bank,S&T Bank,bank,bank_pod,Deposit account owned by a trust,no,yes,trust-owned deposit accounts,"Each trustee of any trust which opens and maintains a deposit account (""Account"") with us hereby certifies that it has the power and authority",Deposit account owned by a trust,2,https://live-st-bank.pantheonsite.io/wp-content/uploads/2024/03/DAAD_Website.pdf,,2025-12-31,2026-02-28,2026-09-26,yes,the bank relies on resolutions or a certificate from the trustees,"the resolutions or certificate provided to us are true, complete and accurate and consistent with the authority granted under such trust indenture",Deposit account owned by a trust,2,https://live-st-bank.pantheonsite.io/wp-content/uploads/2024/03/DAAD_Website.pdf,,2025-12-31,2026-02-28,2026-09-26,no,the bank may ask for the trust indenture but need not,"We may, but are not required to, request a copy of the trust indenture from you prior to establishing any Account",Deposit account owned by a trust,2,https://live-st-bank.pantheonsite.io/wp-content/uploads/2024/03/DAAD_Website.pdf,,2025-12-31,2026-02-28,2026-09-26,not stated,,,,,,,,,,no,the bank may rely on a notice from one trustee; multiple-signature accounts are not offered,"any Notice from one trustee which is binding, or purports to be binding, upon the other trustees ... S&T Bank does not offer accounts on which two (2) or more signatures are required for a check or withdrawal.",Deposit account owned by a trust,2,https://live-st-bank.pantheonsite.io/wp-content/uploads/2024/03/DAAD_Website.pdf,,2025-12-31,2026-02-28,2026-09-26,not stated,,,,,,,,,,not stated,,,,,,,,,,not stated,,,,,,,,,,not stated,,,,,,,,,,not stated,,,,,,,,,
bank-sallie-mae-bank,Sallie Mae Bank,bank,bank_pod,Sallie Mae account with a trustee as agent,no,not stated,,,,,,,,,,not stated,,,,,,,,,,not stated,,,,,,,,,,not stated,,,,,,,,,,not stated,,,,,,,,,,not stated,,,,,,,,,,not stated,,,,,,,,,,not stated,,,,,,,,,,not stated,,,,,,,,,,not stated,,,,,,,,,
cu-sdccu,San Diego County Credit Union,credit_union,bank_pod,SDCCU trust (fiduciary) account,no,yes,trustee accounts offered under the fiduciary accounts section,This account may be opened and maintained by a person or persons named as a trustee under a written trust agreement,SDCCU trust (fiduciary) account,5,https://www.sdccu.com/getmedia/34c5f760-34ed-4c8d-8afd-f741b1a48b34/account-disclosure,,,,2026-09-24,not stated,,,,,,,,,,not stated,,,,,,,,,,not stated,,,,,,,,,,not stated,,,,,,,,,,not stated,,,,,,,,,,not stated,,,,,,,,,,not stated,,,,,,,,,,not stated,,,,,,,,,,not stated,,,,,,,,,
flcu-santa-rosa-county,Santa Rosa County Federal Credit Union,credit_union,bank_pod,Share accounts held in the name of a trust,yes,yes,trust-owned accounts are contemplated but their terms are not stated; the POD paragraph does not apply to them,This paragraph does not apply to an account held on behalf of or in the name of a trust.,Share accounts held in the name of a trust,web page,https://www.srcfcu.org/membership-and-account-agreement,,,,2026-09-26,not stated,,,,,,,,,,not stated,,,,,,,,,,not stated,,,,,,,,,,not stated,,,,,,,,,,not stated,,,,,,,,,,not stated,,,,,,,,,,not stated,,,,,,,,,,not stated,,,,,,,,,,not stated,,,,,,,,,
bank-santander-bank-n-a,"Santander Bank, N.A.",bank,bank_pod,Santander personal account opened by a living trust,no,yes,only if the trust's beneficiaries are natural persons,"Living trusts, guardians, custodians, estates, and conservators may open personal Accounts as long as the beneficiaries are natural persons.",Santander personal account opened by a living trust,4,https://marketing.santanderbank.com/documents/330001/9686542/Personal+Deposit+Account+Agreement.pdf/0c8ab515-1538-8727-60d1-75c56d0da3b9,MK0034,2021-11,,2026-09-24,not stated,,,,,,,,,,not stated,,,,,,,,,,not stated,,,,,,,,,,not stated,,,,,,,,,,not stated,,,,,,,,,,not stated,,,,,,,,,,not stated,,,,,,,,,,not stated,,,,,,,,,,not stated,,,,,,,,,
cu-schoolsfirst,SchoolsFirst Federal Credit Union,credit_union,bank_pod,Trust-owned share and deposit accounts,no,yes,trust accounts offered,All trust accounts will be governed by the terms and conditions of this Agreement.,Trust-owned share and deposit accounts,46,https://www.schoolsfirstfcu.org/link/72f13edcd9ba49028204e419029dc373.aspx,,,,2026-09-24,yes,certification of trust,the Credit Union may ask the trustee to provide a Certification of Trust,Trust-owned share and deposit accounts,46,https://www.schoolsfirstfcu.org/link/72f13edcd9ba49028204e419029dc373.aspx,,,,2026-09-24,no,the trust agreement is not read or kept,"the Credit Union will not read, interpret or retain copies of the Trust Agreement",Trust-owned share and deposit accounts,46,https://www.schoolsfirstfcu.org/link/72f13edcd9ba49028204e419029dc373.aspx,,,,2026-09-24,not stated,,,,,,,,,,not stated,,,,,,,,,,not stated,,,,,,,,,,not stated,,,,,,,,,,not stated,,,,,,,,,,not stated,,,,,,,,,,yes,trustee must notify of changes affecting authority or membership status,The trustee agrees to notify the Credit Union of any changes in the terms of the trust that would affect the trustee's authority to transact business on the trust account,Trust-owned share and deposit accounts,46,https://www.schoolsfirstfcu.org/link/72f13edcd9ba49028204e419029dc373.aspx,,,,2026-09-24
bank-seacoast-national-bank,Seacoast National Bank,bank,bank_pod,Seacoast fiduciary account under a written trust,yes,yes,trustee accounts,"This account may be opened and maintained by a person or persons named as a trustee under a written trust agreement, or as executors, administrators, or conservators under court orders.",Seacoast fiduciary account under a written trust,9,https://www.seacoastbank.com/hubfs/Deposit%20Account%20Agreement_070125_FINAL.pdf,Deposit Account Agreement,2025-07-01,,2026-09-24,not stated,,,,,,,,,,not stated,,,,,,,,,,not stated,,,,,,,,,,not stated,,,,,,,,,,not stated,,,,,,,,,,not stated,,,,,,,,,,not stated,,,,,,,,,,not stated,,,,,,,,,,not stated,,,,,,,,,
bank-simmons-bank,Simmons Bank,bank,bank_pod,Simmons fiduciary account under a written trust,no,yes,trustee accounts,"This account may be opened and maintained by a person or persons named as a trustee under a written trust agreement, or as executors, administrators, or conservators under court orders.",Simmons fiduciary account under a written trust,web page,https://www.simmonsbank.com/terms-and-conditions/personal-terms-and-conditions,Personal Account Terms and Conditions,not printed (web page),,2026-09-24,not stated,,,,,,,,,,not stated,,,,,,,,,,not stated,,,,,,,,,,not stated,,,,,,,,,,not stated,,,,,,,,,,not stated,,,,,,,,,,not stated,,,,,,,,,,not stated,,,,,,,,,,not stated,,,,,,,,,
bank-southstate-bank,"SouthState Bank, National Association",bank,bank_pod,SouthState account under a written trust agreement,yes,yes,trust accounts on a notarized certification,A trustee may establish a trust account based on the provisions of a signed and notarized trust certification.,SouthState account under a written trust agreement,web page,https://www.southstatebank.com/global/help/estatement-enclosures/personal-account-agreement,Personal Account Agreement,,,2026-09-24,yes,signed and notarized trust certification,A trustee may establish a trust account based on the provisions of a signed and notarized trust certification.,SouthState account under a written trust agreement,web page,https://www.southstatebank.com/global/help/estatement-enclosures/personal-account-agreement,Personal Account Agreement,,,2026-09-24,not stated,,,,,,,,,,not stated,,,,,,,,,,not stated,,,,,,,,,,not stated,,,,,,,,,,not stated,,,,,,,,,,not stated,,,,,,,,,,not stated,,,,,,,,,,yes,written notice when a trustee's authority ends,You agree we are authorized to follow the directions of the fiduciary regarding the account until (a) we receive written notice that the fiduciary's authority has been terminated in such a manner as is satisfactory to us,SouthState account under a written trust agreement,web page,https://www.southstatebank.com/global/help/estatement-enclosures/personal-account-agreement,Personal Account Agreement,,,2026-09-24
flcu-space-coast,Space Coast Credit Union,credit_union,bank_pod,Deposit account owned by a trust,yes,yes,accounts in the name of a trust are acknowledged; the CU may refuse instructions or require indemnity or a bond,"This paragraph does not apply to an account held on behalf of or in the name of a trust. ... You may request that we facilitate certain trust, will, or court-ordered account arrangements.",Deposit account owned by a trust,4,https://www.sccu.com/getmedia/715b382f-09a6-469a-a34d-53e99a87fbb1/SCCU-Membership-and-Account-Agreement.pdf,DXPS02-E,2020-03,2025-10-25,2026-09-24,not stated,,,,,,,,,,not stated,,,,,,,,,,not stated,,,,,,,,,,not stated,,,,,,,,,,not stated,,,,,,,,,,not stated,,,,,,,,,,not stated,,,,,,,,,,not stated,,,,,,,,,,not stated,,,,,,,,,
cu-secu-nc,State Employees' Credit Union (North Carolina),credit_union,bank_pod,Revocable and irrevocable trust deposit accounts,no,yes,revocable and irrevocable trusts,SECU may open accounts titled in the name of a revocable living trust or an irrevocable trust.,Revocable and irrevocable trust deposit accounts,14,https://www.ncsecu.org/pdfs/account-disclosures/AccountRulesAndRegulations.pdf,,,,2026-09-24,yes,certification of trust or excerpts may be required,we reserve the right to require a copy of a certification of trust or excerpts of the trust agreement.,Revocable and irrevocable trust deposit accounts,15,https://www.ncsecu.org/pdfs/account-disclosures/AccountRulesAndRegulations.pdf,,,,2026-09-24,no,only a certification or excerpts,we reserve the right to require a copy of a certification of trust or excerpts of the trust agreement.,Revocable and irrevocable trust deposit accounts,15,https://www.ncsecu.org/pdfs/account-disclosures/AccountRulesAndRegulations.pdf,,,,2026-09-24,not stated,,,,,,,,,,not stated,,,,,,,,,,not stated,,,,,,,,,,not stated,,,,,,,,,,not stated,,,,,,,,,,not stated,,,,,,,,,,not stated,,,,,,,,,
bank-synchrony-bank,Synchrony Bank,bank,bank_pod,Synchrony trust account,no,yes,trust-owned accounts,A trust account is owned by a trust and managed by the trustee(s) of the trust.,Synchrony trust account,3,https://www.synchrony.com/document/account-agreement.pdf,Consumer Deposit Account Agreement and Disclosures,2025-07-01,,2026-09-24,yes,trustee certification required,We require that trustees provide us with a trustee certification and any other documentation we may require from time to time in a form satisfactory to us.,Synchrony trust account,3,https://www.synchrony.com/document/account-agreement.pdf,Consumer Deposit Account Agreement and Disclosures,2025-07-01,,2026-09-24,not stated,,,,,,,,,,not stated,,,,,,,,,,no,each trustee may act alone,make any other request relating to the ... account without the consent of any other trustee,Synchrony trust account,3,https://www.synchrony.com/document/account-agreement.pdf,Consumer Deposit Account Agreement and Disclosures,2025-07-01,,2026-09-24,yes,every trustee and beneficiary must be a natural person,All of the trust's trustees and beneficiaries must be natural persons.,Synchrony trust account,3,https://www.synchrony.com/document/account-agreement.pdf,Consumer Deposit Account Agreement and Disclosures,2025-07-01,,2026-09-24,not stated,,,,,,,,,,not stated,,,,,,,,,,not stated,,,,,,,,,,not stated,,,,,,,,,
flcu-tampa-bay,Tampa Bay Federal Credit Union,credit_union,bank_pod,Deposit account owned by a trust,yes,yes,case by case; the CU does not administer trust accounts; a trust qualified for membership may be a single owner,"The Credit Union shall not administer trust accounts. The Credit Union will allow accounts to be owned by trusts on a case - by- case basis. ... A single owner Account is an Account owned by one member including any individual, corporation, partnership, trust or other organization qualified for Credit Union membership.",Deposit account owned by a trust,5,https://www.tampabayfederal.com/files/tampabayfcu/1/file/Disclosures/Universal_Acount_Agreement.pdf,,,,2026-09-24,not stated,,,,,,,,,,not stated,,,,,,,,,,not stated,,,,,,,,,,not stated,,,,,,,,,,not stated,,,,,,,,,,not stated,,,,,,,,,,not stated,,,,,,,,,,not stated,,,,,,,,,,not stated,,,,,,,,,
bank-td-bank,"TD Bank, National Association",bank,bank_pod,TD Bank account opened by the trustee of a written trust,no,yes,written trust accounts,"If you have opened the Account as trustee of a written trust or as trustee pursuant to court order, only the trustee will be allowed to withdraw funds or otherwise transact business on the Account as designated by the trust instrument or court order.",TD Bank account opened by the trustee of a written trust,11,https://www.td.com/content/dam/tdb/document/pdf/personal-banking/personalacctagree-en.pdf,Personal Deposit Account Agreement,,,2026-09-24,not stated,,,,,,,,,,yes,bank may request a certified copy of the trust instrument,We can request a certified copy of any trust instrument or court order,TD Bank account opened by the trustee of a written trust,11,https://www.td.com/content/dam/tdb/document/pdf/personal-banking/personalacctagree-en.pdf,Personal Deposit Account Agreement,,,2026-09-24,not stated,,,,,,,,,,not stated,,,,,,,,,,not stated,,,,,,,,,,yes,a personal trust account may be set up under an SSN or a TIN (Signature Savings eligibility table),"Trust set up with a Social Security Number or Tax Identification Number, or be a Trustee of such a Trust Account",TD Bank account opened by the trustee of a written trust,18,https://www.td.com/content/dam/tdb/document/pdf/personal-banking/personalacctagree-en.pdf,Personal Deposit Account Agreement,,,2026-09-24,not stated,,,,,,,,,,not stated,,,,,,,,,,not stated,,,,,,,,,
bank-the-huntington-national-bank,The Huntington National Bank,bank,bank_pod,Huntington formal trust deposit account,no,yes,formal trust accounts under a written trust agreement,A formal trust Account is an Account held by one or more trustees for the benefit,Huntington formal trust deposit account,11,https://www.huntington.com/-/media/pdf/RETDisclosure.pdf,,2017-02-18,2024-02-15,2026-09-24,yes,a certification of trust at the bank's discretion,required to provide a copy of the trust Agreement or other document (such as ... a certification of trust) so that we can ensure appropriate authority of trustees. ... or certification that applicable law permits us to rely on as a summary or description,Huntington formal trust deposit account,11,https://www.huntington.com/-/media/pdf/RETDisclosure.pdf,,2017-02-18,2024-02-15,2026-09-24,yes,"complete copy on request, or a certification at the bank's discretion","account. Upon our request, the trustee(s) must provide us with a complete copy of ... any trust agreement affecting your account, or, at our discretion, such other document",Huntington formal trust deposit account,33,https://www.huntington.com/-/media/pdf/RETDisclosure.pdf,,2017-02-18,2024-02-15,2026-09-24,not stated,,,,,,,,,,not stated,,,,,,,,,,not stated,,,,,,,,,,not stated,,,,,,,,,,not stated,,,,,,,,,,not stated,,,,,,,,,,not stated,,,,,,,,,
bank2-third-federal-savings-and-loan-association-of-cleveland,Third Federal Savings and Loan Association of Cleveland,bank,bank_pod,Formal trust account,no,yes,formal trust account held by the trustees under a written trust agreement,A formal trust account is an account held by one or more trustees for the benefit of one or more beneficiaries pursuant to a written trust agreement.,Formal trust account,web page,https://www.thirdfederal.com/disclosures,,,2026-03-04,2026-09-26,yes,"a certification the law lets the bank rely on is an alternative, on request","Upon our request, the trustee(s) must supply a complete copy of the trust agreement to us, and any amendment(s) or such other document or certification that applicable law permits us to rely on as a summary or description of the trust establishing the account.",Formal trust account,web page,https://www.thirdfederal.com/disclosures,,,2026-03-04,2026-09-26,not stated,,,,,,,,,,not stated,,,,,,,,,,not stated,,,,,,,,,,not stated,,,,,,,,,,not stated,,,,,,,,,,not stated,,,,,,,,,,not stated,,,,,,,,,,not stated,,,,,,,,,
flcu-trax,TRAX Federal Credit Union,credit_union,bank_pod,Deposit account owned by a trust,yes,yes,accounts in the name of a trust are acknowledged; the CU may refuse instructions or require indemnity or a bond,"This paragraph does not apply to an account held on behalf of or in the name of a trust. ... You may request that we facilitate certain trust, will, or court-ordered account arrangements.",Deposit account owned by a trust,1,https://www.traxcu.com/_/kcms-doc/2061/65694/Account-Terms-Conditions.pdf,D1001E-E,,,2026-09-24,not stated,,,,,,,,,,not stated,,,,,,,,,,not stated,,,,,,,,,,not stated,,,,,,,,,,not stated,,,,,,,,,,not stated,,,,,,,,,,not stated,,,,,,,,,,not stated,,,,,,,,,,not stated,,,,,,,,,
bank2-tri-counties-bank,Tri Counties Bank,bank,bank_pod,Trust and other fiduciary deposit accounts,no,yes,trustee holds legal title; signers certify they are authorized to manage the funds,"Legal title to the account is owned by the signing party(ies) as trustee, custodian, guardian, executor, administrator, conservator, or other fiduciary for the named beneficiary(ies) under a separate trust agreement",Trust and other fiduciary deposit accounts,5,https://www.tcbk.com/download_file/view/418e8fcc-2859-41ba-93a6-2734ccfe4bb5,,2025-07-01,,2026-09-26,yes,a trustee's certification of trust may be requested,"You may be asked to provide a copy of relevant pages of the trust agreement, execute a trustee's certification of trust, or other documents.",Trust and other fiduciary deposit accounts,5,https://www.tcbk.com/download_file/view/418e8fcc-2859-41ba-93a6-2734ccfe4bb5,,2025-07-01,,2026-09-26,no,"relevant pages, not the whole agreement, are mentioned",You may be asked to provide a copy of relevant pages of the trust agreement,Trust and other fiduciary deposit accounts,5,https://www.tcbk.com/download_file/view/418e8fcc-2859-41ba-93a6-2734ccfe4bb5,,2025-07-01,,2026-09-26,not stated,,,,,,,,,,not stated,,,,,,,,,,not stated,,,,,,,,,,not stated,,,,,,,,,,not stated,,,,,,,,,,not stated,,,,,,,,,,not stated,,,,,,,,,
flcu-tropical-financial,Tropical Financial Credit Union,credit_union,bank_pod,Deposit account owned by a trust (Trust - Separate Agreement),yes,yes,trust accounts are opened under a separate agreement; the CU may refuse any trust and will not serve as trustee,"By opening the account, you agree to notify the Credit Union each time the trustee(s) of the trust are changed ... Tropical Financial Credit Union, in its sole discretion, may refuse any trust for membership or open new accounts in the name of the trust.",Deposit account owned by a trust (Trust - Separate Agreement),7,https://www.tropicalfcu.com/hubfs/Consumer%20Account%20Disclosures%2011-2025.pdf?hsLang=en,,,,2026-09-24,not stated,,,,,,,,,,not stated,,,,,,,,,,not stated,,,,,,,,,,not stated,,,,,,,,,,not stated,,,,,,,,,,not stated,,,,,,,,,,not stated,,,,,,,,,,not stated,,,,,,,,,,yes,written notice to the CU of each change of trustee,you agree to hold the Credit Union harmless from any liability for withdrawals by the former trustee(s) unless you notify the Credit Union in writing of the change in the trustee(s) of the trust,Deposit account owned by a trust (Trust - Separate Agreement),7,https://www.tropicalfcu.com/hubfs/Consumer%20Account%20Disclosures%2011-2025.pdf?hsLang=en,,,,2026-09-24
flcu-tru-fi,Tru-Fi Credit Union,credit_union,bank_pod,Deposit account owned by a trust,yes,yes,accounts held in the name of a trust are recognized and excluded from the POD rules; the credit union may refuse instructions or require indemnity or a bond,"This paragraph does not apply to an account held on behalf of or in the name of a trust. ... You may request that we facilitate certain trust, will, or court-ordered account arrangements.",Deposit account owned by a trust,4,https://www.truficu.org/assets/files/wByld359,DXPS02-E,2021-04,,2026-09-26,not stated,,,,,,,,,,not stated,,,,,,,,,,not stated,,,,,,,,,,not stated,,,,,,,,,,not stated,,,,,,,,,,not stated,,,,,,,,,,not stated,,,,,,,,,,not stated,,,,,,,,,,not stated,,,,,,,,,
bank-truist-bank,Truist Bank,bank,bank_pod,Truist written trust account,no,yes,written trust accounts,"A written trust account is an account opened under a valid, written agreement or will which creates a trust that performs transactions through its trustee or co-trustees.",Truist written trust account,13,https://www.truist.com/content/dam/truist-bank/us/en/documents/disclosures/personal/truist-bank-services-agreement.pdf,Bank Services Agreement and Privacy Notice,,,2026-09-24,not stated,,,,,,,,,,not stated,,,,,,,,,,not stated,,,,,,,,,,not stated,,,,,,,,,,not stated,,,,,,,,,,not stated,,,,,,,,,,not stated,,,,,,,,,,not stated,,,,,,,,,,yes,written notice ends a fiduciary's authority,The Bank is authorized to follow the directions of the fiduciary regarding the account until it receives written,Truist written trust account,13,https://www.truist.com/content/dam/truist-bank/us/en/documents/disclosures/personal/truist-bank-services-agreement.pdf,Bank Services Agreement and Privacy Notice,,,2026-09-24
bank-u-s-bank,U.S. Bank National Association,bank,bank_pod,U.S. Bank deposit account held by a trustee,no,yes,fiduciary (trustee) accounts,"A fiduciary account is an account opened by or taken over by an executor, administrator, personal representative, guardian, conservator, trustee, or other fiduciary in such capacity.",U.S. Bank deposit account held by a trustee,14,https://www.usbank.com/dam/en/documents/pdfs/disclosures/your-deposit-account-agreement.pdf,Your Deposit Account Agreement,2026-11-16,,2026-09-24,not stated,,,,,,,,,,not stated,,,,,,,,,,not stated,,,,,,,,,,not stated,,,,,,,,,,not stated,,,,,,,,,,not stated,,,,,,,,,,not stated,,,,,,,,,,not stated,,,,,,,,,,not stated,,,,,,,,,
bank-united-bank,United Bank,bank,bank_pod,United Bank fiduciary account,no,yes,trustee accounts,"Accounts may be opened by a person acting in a fiduciary capacity, such as a trustee, executor, administrator, conservator, or other authorized representative.",United Bank fiduciary account,3,https://www.bankwithunited.com/content/dam/unitedbank/documents/online-account-opening/United-Bank-Consumer-Deposit-Account-Terms-and-Conditions_Effective-Sept2026.pdf,Consumer Deposit Account Terms and Conditions,2026-09-01,,2026-09-24,not stated,,,,,,,,,,not stated,,,,,,,,,,not stated,,,,,,,,,,not stated,,,,,,,,,,not stated,,,,,,,,,,not stated,,,,,,,,,,not stated,,,,,,,,,,not stated,,,,,,,,,,not stated,,,,,,,,,
bank-united-community-bank,United Community Bank,bank,bank_pod,United Community Bank fiduciary account under a written trust,no,yes,trustee accounts (Georgia and Florida terms),"This account may be opened and maintained by a person or persons named as a trustee under a written trust agreement, or as executors, administrators, or conservators under court orders.",United Community Bank fiduciary account under a written trust,10,https://www.ucbi.com/getmedia/e577097c-1009-47ca-a530-88a107d254f9/FNBSM_Terms_and_Conditions.pdf,,,2024-01-21,2026-09-24,not stated,,,,,,,,,,not stated,,,,,,,,,,not stated,,,,,,,,,,not stated,,,,,,,,,,not stated,,,,,,,,,,not stated,,,,,,,,,,not stated,,,,,,,,,,not stated,,,,,,,,,,not stated,,,,,,,,,
flbank-united-southern-bank,United Southern Bank,bank,bank_pod,Deposit account owned by a trust,yes,yes,fiduciary account opened by the trustee; the bank does not monitor or enforce trust terms,This account may be opened and maintained by a person or persons named as a trustee under a written trust agreement,Deposit account owned by a trust,11,https://www.unitedsouthernbank.com/assets/files/yDJdKrgA,,,,2026-09-24,not stated,,,,,,,,,,not stated,,,,,,,,,,not stated,,,,,,,,,,not stated,,,,,,,,,,not stated,,,,,,,,,,not stated,,,,,,,,,,not stated,,,,,,,,,,not stated,,,,,,,,,,not stated,,,,,,,,,
bank-usaa-federal-savings-bank,USAA Federal Savings Bank,bank,bank_pod,USAA formal trust account,no,yes,formal trust accounts,"If the account is opened for an estate, a formal trust, guardianship or conservatorship, or other similar type of",USAA formal trust account,5,https://static.usaa.com/content/dam/digital/documents/pdf/bank/bk-depository-agreement-and-disclosures-current.pdf,Depository Agreement & Disclosures,current (not printed),,2026-09-24,not stated,,,,,,,,,,not stated,,,,,,,,,,not stated,,,,,,,,,,no,any one fiduciary may sign,"If more than one person is named as fduciary on the account, we will act on the signature of any one of them",USAA formal trust account,5,https://static.usaa.com/content/dam/digital/documents/pdf/bank/bk-depository-agreement-and-disclosures-current.pdf,Depository Agreement & Disclosures,current (not printed),,2026-09-24,not stated,,,,,,,,,,not stated,,,,,,,,,,yes,successor trustee submits the bank Letter of Instruction; co-trustees each sign or file their own LOI,"Successor Trustee (Only applicable for Trust Styled Accounts.) ... If multiple Executor/Trustees, each must submit a separate Letter of Instruction (LOI) or all parties must provide their signature",USAA formal trust account,1,https://content.usaa.com/mcontent/static_assets/Media/lf_survivors_bank_letter_of_instruction.pdf,,,,2026-09-24,yes,Letter of Instruction plus death certificate; a trust-styled account is paid by check to the trust,This form is intended for you to provide necessary instruction on disbursement of a deceased member's banking ... A copy of the death certificate.,USAA formal trust account,1,https://content.usaa.com/mcontent/static_assets/Media/lf_survivors_bank_letter_of_instruction.pdf,,,,2026-09-24,not stated,,,,,,,,,
flcu-usf,USF Federal Credit Union,credit_union,bank_pod,Deposit account owned by a trust,yes,yes,a trust qualified for membership may own a single owner account,"A single owner Account is an Account owned by one member including any individual, corporation, partnership, trust, or other organization qualified for Credit Union membership.",Deposit account owned by a trust,7,https://www.usffcu.com/files/usfcu/1/file/Disclosures/uaa.pdf,,,,2026-09-24,not stated,,,,,,,,,,not stated,,,,,,,,,,not stated,,,,,,,,,,not stated,,,,,,,,,,not stated,,,,,,,,,,not stated,,,,,,,,,,not stated,,,,,,,,,,not stated,,,,,,,,,,not stated,,,,,,,,,
bank-valley-national-bank,Valley National Bank,bank,bank_pod,Valley trust account,no,yes,fiduciary accounts for trustees under a written trust (Fiduciary Accounts section),This account may be opened and maintained by a person or persons named as a trustee under a written trust agreement,Valley trust account,12,https://valley.com/content/dam/valley/pdfs/privacy-policy/AAYA%20w%20TOC%20Fees%20and%20Privacy%20Notice%207-1-25-ADA.pdf,VLY11370,2025-07-01,,2026-09-24,not stated,,,,,,,,,,not stated,,,,,,,,,,not stated,,,,,,,,,,not stated,,,,,,,,,,not stated,,,,,,,,,,not stated,,,,,,,,,,not stated,,,,,,,,,,not stated,,,,,,,,,,not stated,,,,,,,,,
bank2-washington-trust-bank,Washington Trust Bank,bank,bank_pod,Deposit account owned by a trust (fiduciary account),no,yes,fiduciary accounts may be opened by trustees under a written trust agreement; the bank does not act as trustee or monitor the trust,This account may be opened and maintained by a person or persons named as a trustee under a written trust agreement,Deposit account owned by a trust (fiduciary account),4,https://www.watrust.com/images/Disclosures/PersonalProductsDisclosure_%2012_1_12.pdf,,2012-12,2013-01-29,2026-09-26,not stated,,,,,,,,,,not stated,,,,,,,,,,not stated,,,,,,,,,,not stated,,,,,,,,,,not stated,,,,,,,,,,not stated,,,,,,,,,,not stated,,,,,,,,,,not stated,,,,,,,,,,not stated,,,,,,,,,
bank2-webster-bank,"Webster Bank, National Association",bank,bank_pod,Trust agreement deposit accounts,no,yes,trust agreement accounts under a will or written trust; the trustee must be designated as a fiduciary on the account records,A trust agreement account is an account established under a will or written trust agreement.,Trust agreement deposit accounts,9,https://www.websterbank.com/wp-content/uploads/2023/08/deposit-account-agreement.pdf,FN03106,2026-08-20,,2026-09-26,not stated,,,,,,,,,,not stated,,,,,,,,,,not stated,,,,,,,,,,not stated,,,,,,,,,,not stated,,,,,,,,,,not stated,,,,,,,,,,yes,"funds frozen until ""all required legal documents"" are delivered; documents not listed","If the trustee dies or is replaced as trustee, we will not release any funds until all required legal documents have been delivered to us and all other legal requirements for such release have been met.",Trust agreement deposit accounts,9,https://www.websterbank.com/wp-content/uploads/2023/08/deposit-account-agreement.pdf,FN03106,2026-08-20,,2026-09-26,not stated,,,,,,,,,,yes,same rule on a trustee's death or replacement; the bank follows the trustee's instructions until written notice that the agency ended,"If the trustee dies or is replaced as trustee, we will not release any funds until all required legal documents have been delivered to us",Trust agreement deposit accounts,9,https://www.websterbank.com/wp-content/uploads/2023/08/deposit-account-agreement.pdf,FN03106,2026-08-20,,2026-09-26
bank-wells-fargo-bank,"Wells Fargo Bank, National Association",bank,bank_pod,Wells Fargo deposit account owned by a trust,no,yes,trust accounts; retitled or closed at trustee's death,Definition: Accounts with arrangements to hold the assets in a trust. Scenario: When a trustee or all trustees on the account are deceased. Maintenance: The account can be closed or retitled.,Wells Fargo deposit account owned by a trust,2,https://www08.wellsfargomedia.com/assets/pdf/personal/help/estate-care-center-checklist.pdf,Estate Care Center checklist,2025,,2026-09-24,yes,Wells Fargo or third-party Certification of Trustee,"Certification of Trustee form (Wells o ... Fargo or Third-Party) naming a successor trustee, if applicable.",Wells Fargo deposit account owned by a trust,2,https://www08.wellsfargomedia.com/assets/pdf/personal/help/estate-care-center-checklist.pdf,Estate Care Center checklist,2025,,2026-09-24,not stated,,,,,,,,,,not stated,,,,,,,,,,not stated,,,,,,,,,,not stated,,,,,,,,,,not stated,,,,,,,,,,yes,death certificate plus certification naming the successor,"A certified copy of the death certificate. Certification of Trustee form (Wells o ... Fargo or Third-Party) naming a successor trustee, if applicable.",Wells Fargo deposit account owned by a trust,2,https://www08.wellsfargomedia.com/assets/pdf/personal/help/estate-care-center-checklist.pdf,Estate Care Center checklist,2025,,2026-09-24,not stated,,,,,,,,,,yes,new certification,"Certification of Trustee form (Wells o ... Fargo or Third-Party) naming a successor trustee, if applicable.",Wells Fargo deposit account owned by a trust,2,https://www08.wellsfargomedia.com/assets/pdf/personal/help/estate-care-center-checklist.pdf,Estate Care Center checklist,2025,,2026-09-24
bank-western-alliance-bank,Western Alliance Bank,bank,bank_pod,Western Alliance trust account,no,yes,trust-titled accounts,A trust account is an Account held in the name of a trust for the benefit of one or more beneficiaries according to a written trust agreement.,Western Alliance trust account,10,https://www.westernalliancebancorporation.com/sites/default/files/2025-09/wab-deposit-account-agreement-and-disclosure.pdf,Deposit Account Agreement and Disclosure,Effective October 2023,,2026-09-24,yes,notarized certification or abstract of trust,The trustee(s) will supply Bank with a notarized certification or abstract of trust validating the existence of the trust and the authority of the trustee(s).,Western Alliance trust account,10,https://www.westernalliancebancorporation.com/sites/default/files/2025-09/wab-deposit-account-agreement-and-disclosure.pdf,Deposit Account Agreement and Disclosure,Effective October 2023,,2026-09-24,no,certification suffices,The trustee(s) will supply Bank with a notarized certification or abstract of trust,Western Alliance trust account,10,https://www.westernalliancebancorporation.com/sites/default/files/2025-09/wab-deposit-account-agreement-and-disclosure.pdf,Deposit Account Agreement and Disclosure,Effective October 2023,,2026-09-24,not stated,,,,,,,,,,not stated,,,,,,,,,,not stated,,,,,,,,,,not stated,,,,,,,,,,not stated,,,,,,,,,,not stated,,,,,,,,,,not stated,,,,,,,,,
bank-zions-bancorporation-n-a,"Zions Bancorporation, N.A.",bank,bank_pod,Trust account subject to a separate agreement,no,yes,written trust filed with the bank,Trust Account Subject to Separate Agreement - We will abide by the terms of any separate agreement which clearly pertains to this account and which you file with us.,Trust account subject to a separate agreement,6,https://www.zionsbank.com/content/dam/zbna/atlas/pdfs/agreements-disclosures/business/deposit-products/DAA%20Effective%2011-22%20Real%20Time%20Processing%20Final.pdf,Deposit Account Agreement,Effective 11-22,,2026-09-24,not stated,,,,,,,,,,not stated,,,,,,,,,,not stated,,,,,,,,,,not stated,,,,,,,,,,yes,"documentary identification of owners, authorized signers and beneficial owners",Beneficial Ownership on Business and Trust Accounts/Requests for Information: We are required by law to adequately document the identity of direct owners ... We will require documentary identification as part of this process.,Trust account subject to a separate agreement,4,https://www.zionsbank.com/content/dam/zbna/atlas/pdfs/agreements-disclosures/business/deposit-products/DAA%20Effective%2011-22%20Real%20Time%20Processing%20Final.pdf,Deposit Account Agreement,Effective 11-22,,2026-09-24,yes,"revocable trust, ordinarily the grantor's SSN, may have an EIN; irrevocable trust, EIN","Grantor's (Revocable) Trust ordinarily SSN of the trustor, but may have EIN ... Irrevocable Trust EIN",Trust account subject to a separate agreement,28,https://www.zionsbank.com/content/dam/zbna/atlas/pdfs/agreements-disclosures/business/deposit-products/DAA%20Effective%2011-22%20Real%20Time%20Processing%20Final.pdf,Deposit Account Agreement,Effective 11-22,,2026-09-24,yes,the trust must supply documentation identifying successor trustees,Revocable trusts agree to be responsible to supply the Bank with sufficient documentation to establish the identity of successor trustees,Trust account subject to a separate agreement,29,https://www.zionsbank.com/content/dam/zbna/atlas/pdfs/agreements-disclosures/business/deposit-products/DAA%20Effective%2011-22%20Real%20Time%20Processing%20Final.pdf,Deposit Account Agreement,Effective 11-22,,2026-09-24,not stated,,,,,,,,,,yes,the trust must keep the bank updated on amendments changing trustees or successor trustees,"to keep the Bank updated with any amendments that affect management or control of the trust account, including any amendments to the designation of trustees or successor trustees.",Trust account subject to a separate agreement,29,https://www.zionsbank.com/content/dam/zbna/atlas/pdfs/agreements-disclosures/business/deposit-products/DAA%20Effective%2011-22%20Real%20Time%20Processing%20Final.pdf,Deposit Account Agreement,Effective 11-22,,2026-09-24
ally,Ally Invest (Ally Invest Securities; clearing and custody through Apex Clearing per form),brokerage,brokerage_tod,Ally Invest brokerage account owned by a trust,no,yes,paper application,Trust Account Application Checklist,Ally Invest brokerage account owned by a trust,2,https://www.ally.com/content/dam/pdf/invest/invest-trust-application.pdf,69255P-UTCF,2018-07-13,,2026-09-24,yes,"Apex Certification of Trust & Investment Powers plus Ally Invest Trustee Certification, in addition to trust pages",Apex Clearing Certification of Trust & Investment Powers 072018 Ally Invest Trustee Certification V3,Ally Invest brokerage account owned by a trust,2,https://www.ally.com/content/dam/pdf/invest/invest-trust-application.pdf,69255P-UTCF,2018-07-13,,2026-09-24,no,specified pages plus all amendments,"Copy of the following pages from the Trust: title page, signatory page, pages indicating powers of trustee and what investments can be done on behalf of the Trust, page indicating a successor trustee, and any amendments to the Trust Agreement.",Ally Invest brokerage account owned by a trust,2,https://www.ally.com/content/dam/pdf/invest/invest-trust-application.pdf,69255P-UTCF,2018-07-13,,2026-09-24,yes,"title, signature, powers, successor trustee pages and all amendments","Copy of the following pages from the Trust: title page, signatory page, pages indicating powers of trustee and what investments can be done on behalf of the Trust, page indicating a successor trustee, and any amendments to the Trust Agreement.",Ally Invest brokerage account owned by a trust,2,https://www.ally.com/content/dam/pdf/invest/invest-trust-application.pdf,69255P-UTCF,2018-07-13,,2026-09-24,yes,all trustees sign; trustee certification notarized by a U.S. notary,"Investment Account Application signed by ALL Trustees (enclosed). ... All trustees must sign initial documentation. Subsequent documentation, if trustees can act independently, may only be signed by one trustee. ... Notary Signature Verification Must be a U.S. Notary. Foreign notary or consular seals may NOT be substituted.",Ally Invest brokerage account owned by a trust,,https://www.ally.com/content/dam/pdf/invest/invest-trust-application.pdf,69255P-UTCF,2018-07-13,,2026-09-24,yes,"each trustee, name, address, date of birth, SSN (or foreign ID), ID number, type, issuer, issue and expiration dates (Apex and Ally Invest certifications)","When you open an account, we will ask for your name, address, date of birth, and other information that will allow us to identify you. We may also ask to see your driver's license or other identifying document. ... SSN, Fed ID, Cedula, NIT#",Ally Invest brokerage account owned by a trust,1,https://www.ally.com/content/dam/pdf/invest/invest-trust-application.pdf,69255P-UTCF,2018-07-13,,2026-09-24,yes,trust tax ID number on the application; the trustee certification accepts an SSN or an EIN,A US Social Security Number or Tax ID is always required to open an account. ... Tax Identification Number (SSN or EIN),Ally Invest brokerage account owned by a trust,1,https://www.ally.com/content/dam/pdf/invest/invest-trust-application.pdf,69255P-UTCF,2018-07-13,,2026-09-24,yes,successor trustee page required at opening,page indicating a successor trustee,Ally Invest brokerage account owned by a trust,2,https://www.ally.com/content/dam/pdf/invest/invest-trust-application.pdf,69255P-UTCF,2018-07-13,,2026-09-24,not stated,,,,,,,,,,yes,written notice and a new certification after an amendment or trustee change,"We agree to inform you, in writing, of any amendment to the Trust, any change in the composition of the Trustees or any other event that could materially alter the certifications made herein. ... This certification supersedes any prior certification, and the Parties may rely on it until receipt of a new certification.",Ally Invest brokerage account owned by a trust,11,https://www.ally.com/content/dam/pdf/invest/invest-trust-application.pdf,69255P-UTCF,2018-07-13,,2026-09-24
ameriprise,"Ameriprise Financial (Ameriprise Trust Company, custodian)",brokerage,brokerage_tod,Trust-owned Ameriprise Certificate Company certificate account (death of an owner; Estate Settlement Claim form 116189),no,yes,certificates may be trust-owned (form 116189); no trust account-opening document for Ameriprise was saved,"Trust owned accounts will retain the same account number, removing the decedent's ownership role, if the taxpayer ID for the trust will not",Trust-owned Ameriprise Certificate Company certificate account (death of an owner; Estate Settlement Claim form 116189),8,https://www.ameriprise.com/binaries/content/assets/ampcom/116189.pdf,DOC0120116189,2024-12,,2026-09-24,not stated,,,,,,,,,,not stated,,,,,,,,,,not stated,,,,,,,,,,not stated,,,,,,,,,,not stated,,,,,,,,,,yes,"an irrevocable trust or estate claimant needs its own EIN, else mandatory withholding","If the claimant is an irrevocable trust or estate, it must have its own Employee Identification Number (EIN) according to IRS Revenue Ruling 84-73",Trust-owned Ameriprise Certificate Company certificate account (death of an owner; Estate Settlement Claim form 116189),3,https://www.ameriprise.com/binaries/content/assets/ampcom/wcm/AMP_116230.PDF,DOC0104116230,2020-06,,2026-09-24,not stated,,,,,,,,,,yes,on an owner's death a trust-owned certificate keeps its account number if the trust's TIN does not change; otherwise a new account,"Trust owned accounts will retain the same account number, removing the decedent's ownership role, if the taxpayer ID for the trust will not ... be changing.",Trust-owned Ameriprise Certificate Company certificate account (death of an owner; Estate Settlement Claim form 116189),8,https://www.ameriprise.com/binaries/content/assets/ampcom/116189.pdf,DOC0120116189,2024-12,,2026-09-24,not stated,,,,,,,,,
betterment,Betterment,brokerage,brokerage_tod,Betterment account owned by a trust,no,yes,revocable and irrevocable U.S. domestic trusts; opened online by a trustee,Betterment supports both revocable and irrevocable trusts that are authorized to invest in securities.,Betterment account owned by a trust,web page,https://www.betterment.com/help/tag/trust-accounts,,,,2026-09-24,yes,"says it takes a ""Notarized Trust Certificate"" but refuses ""Certificate of Trusts,"" ""Memorandum of Trusts"" and ""Affidavit of Trusts"" (article dated 2018); ask before relying on a certificate",OR Notarized Trust Certificate Note that Betterment will not accept the following documents in lieu of the original trust agreement: Certificate of Trusts Memorandum of Trusts Affidavit of Trusts,Betterment account owned by a trust,web page,https://www.betterment.com/help/trust-documentation,,2018-09-01,,2026-09-24,no,pages only,Betterment does not require a copy of your entire trust agreement.,Betterment account owned by a trust,web page,https://www.betterment.com/help/tag/trust-accounts,,,,2026-09-24,yes,title page and all trustee signature pages,"We require electronic copies of the only following pages: The title page which generally contains the trust's title, TIN, date of establishment and the state of organization. The signature page(s), which contain the signatures of all authorized trustees.",Betterment account owned by a trust,web page,https://www.betterment.com/help/tag/trust-accounts,,,,2026-09-24,not stated,,,,,,,,,,not stated,,,,,,,,,,not stated,,,,,,,,,,not stated,,,,,,,,,,not stated,,,,,,,,,,not stated,,,,,,,,,
bank-bny-mellon,"BNY Mellon, National Association",bank,brokerage_tod,"BNY mutual fund account registered to a trust (BNY Mellon Family of Funds application and Change of Registration Authorization Form IM-CARF-0525; BNY Mellon Transfer, Inc. transfer agent); BNY Brokerage Account owned by a trust (Trust Account Certification Form MBS-TACF-0726; BNY Brokerage Services, Pershing LLC clearing)",no,yes,trust registration offered (affiliate fund form),Account is established to invest assets held in a trust.,"BNY mutual fund account registered to a trust (BNY Mellon Family of Funds application and Change of Registration Authorization Form IM-CARF-0525; BNY Mellon Transfer, Inc. transfer agent)",6,https://www.bny.com/content/dam/im/documents/imwebdocs/account-form/annual/im-carf-and-application.pdf,,,,2026-09-24,yes,"the application's own certification (section 9) naming the authorized trustees with specimen signatures, medallion guaranteed","If you are a Trust or Estate, please complete this certification. ... The following named persons are currently trustees/other authorized signatories of the Registered Owner","BNY mutual fund account registered to a trust (BNY Mellon Family of Funds application and Change of Registration Authorization Form IM-CARF-0525; BNY Mellon Transfer, Inc. transfer agent)",13,https://www.bny.com/content/dam/im/documents/imwebdocs/account-form/annual/im-carf-and-application.pdf,,,,2026-09-24,no,excerpt pages only,"You will need to provide a copy of the pages of the trust agreement that show the name of the trust, the trust date, and a listing of all trustees and their signatures.","BNY mutual fund account registered to a trust (BNY Mellon Family of Funds application and Change of Registration Authorization Form IM-CARF-0525; BNY Mellon Transfer, Inc. transfer agent)",6,https://www.bny.com/content/dam/im/documents/imwebdocs/account-form/annual/im-carf-and-application.pdf,,,,2026-09-24,yes,"pages showing trust name, date, all trustees and signatures; testamentary trust, first and signature pages of the probated will","You will need to provide a copy of the pages of the trust agreement that show the name of the trust, the trust date, and a listing of all trustees and their signatures. For a testamentary trust, provide a copy of the first page and the signature page(s) of the probated will that confirms the creation of the trust.","BNY mutual fund account registered to a trust (BNY Mellon Family of Funds application and Change of Registration Authorization Form IM-CARF-0525; BNY Mellon Transfer, Inc. transfer agent)",6,https://www.bny.com/content/dam/im/documents/imwebdocs/account-form/annual/im-carf-and-application.pdf,,,,2026-09-24,yes,trustees listed with specimen signatures and a medallion guarantee; any one may act unless a number is inserted,"MEDALLION SIGNATURE GUARANTEE OR SEAL IS REQUIRED ... Unless otherwise indicated, the Transfer Agent may honor instructions of any one of the persons named above.","BNY mutual fund account registered to a trust (BNY Mellon Family of Funds application and Change of Registration Authorization Form IM-CARF-0525; BNY Mellon Transfer, Inc. transfer agent)",13,https://www.bny.com/content/dam/im/documents/imwebdocs/account-form/annual/im-carf-and-application.pdf,,,,2026-09-24,not stated,,,,,,,,,,not stated,,,,,,,,,,yes,"death certificate, trust extract naming the trust and trustees or successor trustees, driver's license; change of registration signed with a medallion guarantee","I am the successor trustee for the trust of the above referenced account(s). (Please be sure to include a ... photocopy of the death certificate, a photocopy of the extract of the trust agreement that identifies the ... if you are acting in the capacity of a successor trustee and the current trustee is incapacitated","BNY mutual fund account registered to a trust (BNY Mellon Family of Funds application and Change of Registration Authorization Form IM-CARF-0525; BNY Mellon Transfer, Inc. transfer agent)",1,https://www.bny.com/content/dam/im/documents/imwebdocs/account-form/annual/ret-berf-form.pdf,,,,2026-09-24,yes,"successor trustee sends the death certificate, trust extract and driver's license (Request for Information form RET-BERF-0124)","photocopy of the death certificate, a photocopy of the extract of the trust agreement that identifies the ... trust name and the trustees/successor trustees, and your driver's license","BNY mutual fund account registered to a trust (BNY Mellon Family of Funds application and Change of Registration Authorization Form IM-CARF-0525; BNY Mellon Transfer, Inc. transfer agent)",1,https://www.bny.com/content/dam/im/documents/imwebdocs/account-form/annual/ret-berf-form.pdf,,,,2026-09-24,yes,amended trust certification form,Any modification of the information below will require an amendment to this form.,"BNY mutual fund account registered to a trust (BNY Mellon Family of Funds application and Change of Registration Authorization Form IM-CARF-0525; BNY Mellon Transfer, Inc. transfer agent)",13,https://www.bny.com/content/dam/im/documents/imwebdocs/account-form/annual/im-carf-and-application.pdf,,,,2026-09-24
schwab,Charles Schwab (incl. legacy TD Ameritrade accounts converted to Schwab),brokerage,brokerage_tod,Schwab One brokerage account (and Schwab Bank checking) owned by a trust,no,yes,"revocable, irrevocable, sub-trust and testamentary trusts",Schwab One® Trust Account Application with Optional Schwab Bank Investor Checking™ Trust Account,Schwab One brokerage account (and Schwab Bank checking) owned by a trust,3,https://content.schwab.com/dcc/APP10600.pdf,AEM16972149,2026-06,,2026-09-24,yes,"certification, memorandum, affidavit or abstract accepted","All pages of the Certification of Trust, Memorandum of Trust, Affidavit of Trust, or Abstract of Trust may be submitted to satisfy the trust documentation.",Schwab One brokerage account (and Schwab Bank checking) owned by a trust,1,https://content.schwab.com/dcc/APP10600.pdf,AEM16972149,2026-06,,2026-09-24,no,excerpts only,"For a Revocable Trust, attach a copy of the first page or title page and all signature pages of the Trust documentation along with this Application.",Schwab One brokerage account (and Schwab Bank checking) owned by a trust,1,https://content.schwab.com/dcc/APP10600.pdf,AEM16972149,2026-06,,2026-09-24,yes,title page and all signature pages; sub-trusts also need the creating provision; testamentary trusts need will pages and proof of filing,"For a Revocable Trust, attach a copy of the first page or title page and all signature pages of the Trust documentation along with this Application. ... For a Sub-Trust (e.g., Marital Trust, Bypass Trust, or Generation-Skipping Trust), in addition to the requested",Schwab One brokerage account (and Schwab Bank checking) owned by a trust,1,https://content.schwab.com/dcc/APP10600.pdf,AEM16972149,2026-06,,2026-09-24,yes,"all trustees; notarized for trusts governed by 13 listed states unless grantor, trustee and beneficiary are the same people","All Trustees must sign the Trustee Certification (Section 14) and the Application (Section 16). ... All trustee signatures MUST be notarized if your trust is governed by the laws of any of the following states: California, Delaware, Idaho, Iowa, Kansas, Michigan, Minnesota, Mississippi, Nebraska, Nevada, South Dakota, Tennessee, and Vermont.",Schwab One brokerage account (and Schwab Bank checking) owned by a trust,1,https://content.schwab.com/dcc/APP10600.pdf,AEM16972149,2026-06,,2026-09-24,yes,ID number for each trustee,ID Number and Type (Please select only one box and provide the relevant information below.) Passport Driver's License,Schwab One brokerage account (and Schwab Bank checking) owned by a trust,3,https://content.schwab.com/MARS-files/LPM27474.pdf,AEM10330989,2024-11,,2026-09-24,yes,TIN change requires a new account,"If the Taxpayer Identification Number (TIN) is changing, a new account must be opened.",Schwab One brokerage account (and Schwab Bank checking) owned by a trust,3,https://content.schwab.com/dcc/APP10600.pdf,AEM16972149,2026-06,,2026-09-24,yes,trust page naming the successor,"If the original trustees have changed, provide the page(s) of the Trust that names the successor Trustee or otherwise validates the appointment of the successor Trustee.",Schwab One brokerage account (and Schwab Bank checking) owned by a trust,1,https://content.schwab.com/dcc/APP10600.pdf,AEM16972149,2026-06,,2026-09-24,yes,new account when the trust gets its own TIN after death,"If the Taxpayer Identification Number (TIN) is changing, a new account must be opened.",Schwab One brokerage account (and Schwab Bank checking) owned by a trust,3,https://content.schwab.com/dcc/APP10600.pdf,AEM16972149,2026-06,,2026-09-24,not stated,,,,,,,,,
bank-city-national-bank,City National Bank,bank,brokerage_tod,RBC Securities (City National subsidiary) brokerage account owned by a trust,no,yes,"trust accounts offered (RBC Securities, Inc.; no trust documentation rules stated)","a variety of account types to hold investments including individual and joint accounts, transfer on death accounts, individual retirement accounts, retirement plans, health savings accounts, custodial and trust accounts",RBC Securities (City National subsidiary) brokerage account owned by a trust,5,https://www.cnb.com/content/dam/cnb/personal-banking/investments-wealth-management/documents/RBC-Securities-Account-Agreements-and-Disclosures-66361.pdf,,2026-05,,2026-09-24,not stated,,,,,,,,,,not stated,,,,,,,,,,not stated,,,,,,,,,,not stated,,,,,,,,,,not stated,,,,,,,,,,not stated,,,,,,,,,,not stated,,,,,,,,,,not stated,,,,,,,,,,not stated,,,,,,,,,
etrade,E*TRADE from Morgan Stanley,brokerage,brokerage_tod,E*TRADE brokerage account owned by a trust,no,yes,trust application (online or paper),BROKERAGE TRUST APPLICATION ... Name of Trust (as it appears on the trust agreement),E*TRADE brokerage account owned by a trust,1,https://content.etrade.com/etrade/estation/pdf/Trust_Application1.pdf,147C,03/23,,2026-09-24,yes,E*TRADE's own trustee certification (part of the application); the trust agreement is still required for EIN trusts and non-grantor trustees,"TRUSTEE CERTIFICATION OF TRUSTEE POWER ... In consideration of your maintaining one or more accounts for the Trust named below, I (we) the undersigned trustee(s), certify to E*TRADE Securities that the following is true, under the penalty of perjury.",E*TRADE brokerage account owned by a trust,9,https://content.etrade.com/etrade/estation/pdf/Trust_Application1.pdf,147C,03/23,,2026-09-24,yes,the chart requires the Trust Agreement when the trust reports under an EIN or the trustee is not the grantor; a grantor-trustee reporting under the grantor's SSN needs only the application,Required documents (documents will not be returned) ... Trust reporting under EIN ... Completed application ... Trust Agreement,E*TRADE brokerage account owned by a trust,2,https://content.etrade.com/etrade/estation/pdf/Trust_Application1.pdf,147C,03/23,,2026-09-24,not stated,,,,,,,,,,yes,all trustees sign the certification; wet signatures (digital signatures not accepted),Signature of Trustee (digital signatures not accepted) ... ALL TRUSTEES MUST SIGN,E*TRADE brokerage account owned by a trust,8,https://content.etrade.com/etrade/estation/pdf/Trust_Application1.pdf,147C,03/23,,2026-09-24,yes,ID on request; IRS Letter 147C for the EIN if the entity cannot be verified,We may also ask to see your driver's license or other identifying documents.,E*TRADE brokerage account owned by a trust,3,https://content.etrade.com/etrade/estation/pdf/Trust_Application1.pdf,147C,03/23,,2026-09-24,yes,grantor SSN or trust EIN; grantor must sign if not a trustee,Trust reporting under grantor's SSN (Trustee is NOT the grantor) needs signature of the grantor in Trustee Certification,E*TRADE brokerage account owned by a trust,,https://content.etrade.com/etrade/estation/pdf/Trust_Application1.pdf,147C,03/23,,2026-09-24,not stated,,,,,,,,,,yes,case-by-case list; may include death certificate and trust agreement with amendments,Our Beneficiary Services Team will help you identify which documents we require to process your request. ... Death Certificate ... Trust Agreement & Amendments,E*TRADE brokerage account owned by a trust,1,https://content.etrade.com/etrade/mssb/pdf/Estate_Inheritor_Document_Upload.pdf,0724-ESTINDU-E68901,07/24,,2026-09-24,yes,trustees must notify in writing of amendments or changes in trustees; no document list given,"We agree to promptly inform you, in writing, of any amendment to the Trust, any change in the composition of the Trustees or any other event which could alter the certifications made above.",E*TRADE brokerage account owned by a trust,9,https://content.etrade.com/etrade/estation/pdf/Trust_Application1.pdf,147C,03/23,,2026-09-24
fidelity,Fidelity Investments (Fidelity Brokerage Services LLC),brokerage,brokerage_tod,Brokerage or mutual fund account owned by a trust,no,yes,Trust account application,New Fidelity Account ... Trust ... Brokerage,Brokerage or mutual fund account owned by a trust,1,https://www.fidelity.com/bin-public/060_www_fidelity_com/documents/trust-account-application.pdf,1.791205.137,2026-04,,2026-09-24,yes,Fidelity Certification of Trust form for domestic trusts,Use this form to certify your trust to Fidelity. This form is for domestic trusts only. Do NOT use this form for foreign trusts.,Brokerage or mutual fund account owned by a trust,1,https://www.fidelity.com/bin-public/060_www_fidelity_com/documents/customer-service/CERT_OF_TRUST.pdf,1.900844.113,2026-06,,2026-09-24,no,excerpt pages instead of the form; never the whole trust,"certify your trust by providing pages of the trust document that include the full name of the trust, trust date, name of the trustee(s), and all signatures. Do not include the entire trust document.",Brokerage or mutual fund account owned by a trust,1,https://www.fidelity.com/bin-public/060_www_fidelity_com/documents/customer-service/CERT_OF_TRUST.pdf,1.900844.113,2026-06,,2026-09-24,yes,"pages showing name, date, trustees and all signatures (if not using the certification form; required for foreign trusts)","certify your trust by providing pages of the trust document that include the full name of the trust, trust date, name of the trustee(s), and all signatures. Do not include the entire trust document.",Brokerage or mutual fund account owned by a trust,1,https://www.fidelity.com/bin-public/060_www_fidelity_com/documents/customer-service/CERT_OF_TRUST.pdf,1.900844.113,2026-06,,2026-09-24,yes,every trustee signs the application and the certification,ALL trustees must sign and date this application. ... Each trustee must sign and date this form.,Brokerage or mutual fund account owned by a trust,,https://www.fidelity.com/bin-public/060_www_fidelity_com/documents/customer-agreement-roth-ira.pdf,2056A,2012-06,,2026-09-24,yes,"name, SSN and DOB for each trustee, grantor and person with power to amend or revoke","Enter full first and last name as evidenced by a government-issued, unexpired document (e.g., driver's license, passport, permanent resident card).",Brokerage or mutual fund account owned by a trust,2,https://www.fidelity.com/bin-public/060_www_fidelity_com/documents/trust-account-application.pdf,1.791205.137,2026-04,,2026-09-24,yes,grantor SSN (living grantor) or trust EIN,Provide the tax reporting number for the trust. A decedent's SSN cannot be used as the tax reporting number. The SSN must be that of a living grantor.,Brokerage or mutual fund account owned by a trust,1,https://www.fidelity.com/bin-public/060_www_fidelity_com/documents/trust-account-application.pdf,1.791205.137,2026-04,,2026-09-24,yes,"Trustee Certification form plus death certificate or physician letter; Medallion guarantee over $100,000","Naming a successor trustee(s) I (We) Name(s) of Successor Trustee(s) certify that I am (we are) the successor trustee(s) of the above-named trust in accordance with the terms of the trust instrument. ... Death of trustee. Include a copy of the death certificate and a state tax waiver, if required by the decedent's state of residence. Incapacitation of trustee. Include a letter signed by the attending physician on the physician's letterhead and dated within the past 180 days",Brokerage or mutual fund account owned by a trust,2,https://www.fidelity.com/bin-public/060_www_fidelity_com/documents/customer-service/trustee-certification-form.pdf,1.791053.114,2026-06,,2026-09-24,yes,"a grantor's death changes the TIN (decedent's SSN cannot be used), so the account is re-registered under a new EIN","Do NOT use this form if the trust's Taxpayer ID number (TIN or SSN) is changing. Instead, complete a Change of Account Registration form (brokerage), a Change of Account Ownership form (mutual fund), or a Fidelity Trust Account Application.",Brokerage or mutual fund account owned by a trust,1,https://www.fidelity.com/bin-public/060_www_fidelity_com/documents/customer-service/trustee-certification-form.pdf,1.791053.114,2026-06,,2026-09-24,yes,"Trustee Certification form, all remaining trustees sign, new Certification of Trust or excerpt pages; Medallion over $100,000","To add or remove a trustee on an existing account, ALL remaining trustees MUST complete Sections 3 and 4, as applicable, and sign in Section 5. ... A Medallion signature guarantee is required: for the successor trustee if you are removing a trustee and the value of the trust is more than $100,000.",Brokerage or mutual fund account owned by a trust,1,https://www.fidelity.com/bin-public/060_www_fidelity_com/documents/customer-service/trustee-certification-form.pdf,1.791053.114,2026-06,,2026-09-24
ibkr,Interactive Brokers,brokerage,brokerage_tod,Interactive Brokers brokerage account owned by a trust,no,yes,"online application; revocable, irrevocable, testamentary","To open a Trust account, follow the steps below.",Interactive Brokers brokerage account owned by a trust,web page,https://www.ibkrguides.com/appguide/trust-account-application.htm,,,,2026-09-24,yes,IB's own Trustee Certification,"The following is a complete list of all trustees associated with the Trust, their addresses and their respective authorized powers under the Trust Agreement",Interactive Brokers brokerage account owned by a trust,1,https://www.interactivebrokers.com/download/Trustee_Cert_7-1-15_paper.pdf,Trustee Certification (paper),2015-07-01,,2026-09-24,not stated,,,,,,,,,,not stated,,,,,,,,,,not stated,,,,,,,,,,yes,"name, address, DOB, SSN for every trustee and beneficiary",Trustees and Beneficiaries: Name; Residential Address (if individual); Principle Place of Business Address (if entity); Date of Birth; Social Security Number or ID number if not US citizen.,Interactive Brokers brokerage account owned by a trust,web page,https://www.interactivebrokers.com/en/general/what-you-need-inv.php,,,,2026-09-24,not stated,,,,,,,,,,not stated,,,,,,,,,,not stated,,,,,,,,,,not stated,,,,,,,,,
jpm,J.P. Morgan Securities LLC (J.P. Morgan Self-Directed Investing and J.P. Morgan Private Client / Wealth Management),brokerage,brokerage_tod,J.P. Morgan Self-Directed Investing / J.P. Morgan Securities brokerage account owned by a trust,no,yes,opened by phone with documents uploaded through the Secure Message Center,"You'll need the following to open a trust account: A trust governing instrument, such as the trust agreement, will (if your trust is a testamentary trust) or a certification of trust",J.P. Morgan Self-Directed Investing / J.P. Morgan Securities brokerage account owned by a trust,web page,https://www.chase.com/personal/investments/trust-account,,,,2026-09-24,yes,trust agreement or certification of trust,"A trust governing instrument, such as the trust agreement, will (if your trust is a testamentary trust) or a certification of trust",J.P. Morgan Self-Directed Investing / J.P. Morgan Securities brokerage account owned by a trust,web page,https://www.chase.com/personal/investments/trust-account,,,,2026-09-24,no,certification is an alternative to the agreement,"A trust governing instrument, such as the trust agreement, will (if your trust is a testamentary trust) or a certification of trust",J.P. Morgan Self-Directed Investing / J.P. Morgan Securities brokerage account owned by a trust,web page,https://www.chase.com/personal/investments/trust-account,,,,2026-09-24,not stated,,,,,,,,,,yes,both trustees on the opening call,"If there are two trustees, both trustees will need to be present during the account opening call to confirm their contact information and provide signatures.",J.P. Morgan Self-Directed Investing / J.P. Morgan Securities brokerage account owned by a trust,web page,https://www.chase.com/personal/investments/trust-account,,,,2026-09-24,yes,two government IDs per trustee,Two forms of government ID for the trustee(s),J.P. Morgan Self-Directed Investing / J.P. Morgan Securities brokerage account owned by a trust,web page,https://www.chase.com/personal/investments/trust-account,,,,2026-09-24,not stated,,,,,,,,,,not stated,,,,,,,,,,not stated,,,,,,,,,,not stated,,,,,,,,,
kingdom-trust,Kingdom Trust Company,brokerage,brokerage_tod,Trust-owned custodial account,no,yes,"account type ""Trust"" on the Custodial Account application",FOR TRUST ACCOUNTS ... Trust Name: ... Trustee Name:,Trust-owned custodial account,6,https://www.kingdomtrust.com/bin/uploads/2020/05/Custodial-Account-Kit.pdf,,,2021-01-20,2026-09-24,not stated,,,,,,,,,,not stated,,,,,,,,,,not stated,,,,,,,,,,not stated,,,,,,,,,,not stated,,,,,,,,,,yes,application asks for the trust's tax ID,Trust Tax ID,Trust-owned custodial account,6,https://www.kingdomtrust.com/bin/uploads/2020/05/Custodial-Account-Kit.pdf,,,2021-01-20,2026-09-24,not stated,,,,,,,,,,not stated,,,,,,,,,,not stated,,,,,,,,,
m1,M1 Finance,brokerage,brokerage_tod,M1 brokerage account owned by a trust,no,yes,"revocable and irrevocable; $5,000 minimum","M1 Finance supports U.S. domestic Trust accounts - both revocable and irrevocable - for investing in stocks, ETFs, and other eligible securities.",M1 brokerage account owned by a trust,web page,https://help.m1.com/en/articles/9332075-open-an-m1-trust-account,,,,2026-09-24,yes,certificate of trust plus supporting documents; Apex Certificate of Trust and Investment Powers,Certified copies of your Certificate of Trust and supporting legal documents,M1 brokerage account owned by a trust,web page,https://help.m1.com/en/articles/9332075-open-an-m1-trust-account,,,,2026-09-24,not stated,,,,,,,,,,not stated,,,,,,,,,,not stated,,,,,,,,,,yes,photo ID and SSN for trustees,"Names, SSNs, and contact information of all trustees ... Upload all requested documentation: Photo ID SSN/W2 Trust Documents",M1 brokerage account owned by a trust,web page,https://help.m1.com/en/articles/9332075-open-an-m1-trust-account,,,,2026-09-24,yes,trust must have its own EIN; a revocable trust using the grantor's SSN cannot open an account,Only Trusts with a valid Tax ID (EIN) are eligible,M1 brokerage account owned by a trust,web page,https://help.m1.com/en/articles/9332075-open-an-m1-trust-account,,,,2026-09-24,not stated,,,,,,,,,,not stated,,,,,,,,,,not stated,,,,,,,,,
merrill,Merrill Lynch (Merrill Lynch Wealth Management and Merrill Edge),brokerage,brokerage_tod,Merrill (CMA or brokerage) account owned by a trust,no,yes,CMA and IIA for trusts,"Trustee Certification Form For the CMA® Account for Trusts, the Individual Investor Account for Trusts, the Inherited Retirement Account for Trusts and the 529 Account with a Trust as Participant",Merrill (CMA or brokerage) account owned by a trust,1,https://olui2.fs.ml.com/publish/content/application/pdf/gwmol/trustee_certification_form.pdf,9914CSPT,2025-08,,2026-09-24,yes,Merrill's own Trustee Certification Form,"the undersigned trustees certify, represent and warrant to Merrill Lynch that the trust is in full force and effect, and that the following information is true, complete and accurate",Merrill (CMA or brokerage) account owned by a trust,1,https://olui2.fs.ml.com/publish/content/application/pdf/gwmol/trustee_certification_form.pdf,9914CSPT,2025-08,,2026-09-24,no,never the whole trust,DO NOT PROVIDE THE ENTIRE TRUST.,Merrill (CMA or brokerage) account owned by a trust,1,https://olui2.fs.ml.com/publish/content/application/pdf/gwmol/trustee_certification_form.pdf,9914CSPT,2025-08,,2026-09-24,yes,pages only for trusts not governed by US law,"If the trust is NOT governed by US law (50 states/District of Columbia), provide a copy of the following pages from the trust agreement: the first page, the signature page(s), the page(s) listing the trustees",Merrill (CMA or brokerage) account owned by a trust,1,https://olui2.fs.ml.com/publish/content/application/pdf/gwmol/trustee_certification_form.pdf,9914CSPT,2025-08,,2026-09-24,yes,all current trustees; notarized for 14 listed governing-law states,"All current trustees must sign. Notarization is required for trusts governed by certain U.S. States. ... For trusts governed by the U.S states of California, Colorado, Delaware, Idaho, Illinois, Iowa, Michigan, Minnesota, Mississippi, Nebraska, Nevada, South Dakota, Tennessee, or Vermont, notarization is required",Merrill (CMA or brokerage) account owned by a trust,4,https://olui2.fs.ml.com/publish/content/application/pdf/gwmol/trustee_certification_form.pdf,9914CSPT,2025-08,,2026-09-24,not stated,,,,,,,,,,yes,TIN change may require a new account,The trustees are responsible for providing Merrill Lynch with the correct tax identification number for the trust and for contacting Merrill Lynch with any change to that number. A change in that number may result in the requirement that a new account be opened.,Merrill (CMA or brokerage) account owned by a trust,3,https://olui2.fs.ml.com/publish/content/application/pdf/gwmol/trustee_certification_form.pdf,9914CSPT,2025-08,,2026-09-24,yes,"new certification plus resignation letter, death certificate or doctor's letter","the trustees agree to provide Merrill Lynch with a new Trustee Certification Form signed by all trustees at the time such event occurs. (Supporting documentation will be required to remove the name of any trustee from the account (e.g., letter of resignation, death certificate, letter from medical doctor confirming incapacity).",Merrill (CMA or brokerage) account owned by a trust,2,https://olui2.fs.ml.com/publish/content/application/pdf/gwmol/trustee_certification_form.pdf,9914CSPT,2025-08,,2026-09-24,yes,trades under a deceased grantor's SSN are still reported under it; TIN change may require new account,Any purchase or sale in a trust account utilizing a Social Security number of a deceased person will be reported to the I.R.S under that Social Security number,Merrill (CMA or brokerage) account owned by a trust,3,https://olui2.fs.ml.com/publish/content/application/pdf/gwmol/trustee_certification_form.pdf,9914CSPT,2025-08,,2026-09-24,yes,new certification signed by all trustees,the trustees agree to provide Merrill Lynch with a new Trustee Certification Form signed by all trustees at the time such event occurs.,Merrill (CMA or brokerage) account owned by a trust,2,https://olui2.fs.ml.com/publish/content/application/pdf/gwmol/trustee_certification_form.pdf,9914CSPT,2025-08,,2026-09-24
pershing,Pershing LLC (BNY Pershing),brokerage,brokerage_tod,"Trust-owned brokerage custody account (Pershing Advisor Solutions, Pershing LLC custodian); Trust-owned brokerage account (BNY Brokerage Services Trust Account Certification Form; Pershing LLC clearing)",no,yes,"account holder may be a trust; signing trustees certify their authority in the agreement (Pershing Advisor Solutions terms, affiliate of Pershing LLC)","may be one or more individuals or organization(s), a corporation, ... a joint venture(s), a partnership or a trust. ... If this Account is a Trust, the Trustee(s) signing this Agreement ... certify that the Trust authorizes the Trustee to receive on behalf","Trust-owned brokerage custody account (Pershing Advisor Solutions, Pershing LLC custodian)",1,https://www.pershing.com/content/dam/pershing/documents/pdfs/disclosures/pas-terms-and-conditions.pdf,,2023-09,,2026-09-24,yes,introducing broker's own Trust Account Certification Form (BNY Mellon Securities Corporation; indemnifies Pershing too),"Please use this document in conjunction with copies of the Title Page, Signature Page section of your trust",Trust-owned brokerage account (BNY Brokerage Services Trust Account Certification Form; Pershing LLC clearing),1,https://www.bny.com/content/dam/im/documents/imwebdocs/account-form/annual/mbs-trust-acct-cert-form.pdf,,,,2026-09-24,no,not required; trustees agree to provide a copy if BNY Mellon Securities Corporation or Pershing requests it,Please DO NOT send a copy of the complete Trust Agreement.,Trust-owned brokerage account (BNY Brokerage Services Trust Account Certification Form; Pershing LLC clearing),1,https://www.bny.com/content/dam/im/documents/imwebdocs/account-form/annual/mbs-trust-acct-cert-form.pdf,,,,2026-09-24,yes,title page and signature page,"Please use this document in conjunction with copies of the Title Page, Signature Page section of your trust",Trust-owned brokerage account (BNY Brokerage Services Trust Account Certification Form; Pershing LLC clearing),1,https://www.bny.com/content/dam/im/documents/imwebdocs/account-form/annual/mbs-trust-acct-cert-form.pdf,,,,2026-09-24,yes,"all current trustees sign the certification (notary block follows); trustees certify they can act independently, multi-signature trusts are not monitored",There are no other trustees of the Trust other than the undersigned. ... TRUSTEE NAME SIGNATURE DATE,Trust-owned brokerage account (BNY Brokerage Services Trust Account Certification Form; Pershing LLC clearing),1,https://www.bny.com/content/dam/im/documents/imwebdocs/account-form/annual/mbs-trust-acct-cert-form.pdf,,,,2026-09-24,not stated,,,,,,,,,,yes,both the trust TIN and the grantor's SSN are asked,Trust Tax ID Number ... Trustor/Grantor/Settlor SSN,Trust-owned brokerage account (BNY Brokerage Services Trust Account Certification Form; Pershing LLC clearing),1,https://www.bny.com/content/dam/im/documents/imwebdocs/account-form/annual/mbs-trust-acct-cert-form.pdf,,,,2026-09-24,not stated,,,,,,,,,,not stated,,,,,,,,,,yes,trustees must notify in writing; additional (unspecified) documents required,"(Additional documents will be required to change trustee information.) ... agree to inform BNY MELLON SECURITIES CORPORATION IMMEDIATELY in ... writing of any amendment to the Trust, any change in the composition of the Trustees",Trust-owned brokerage account (BNY Brokerage Services Trust Account Certification Form; Pershing LLC clearing),2,https://www.bny.com/content/dam/im/documents/imwebdocs/account-form/annual/mbs-trust-acct-cert-form.pdf,,,,2026-09-24
rbc-wealth-management,RBC Wealth Management (U.S.),brokerage,brokerage_tod,Trust-owned brokerage account,no,yes,fee schedule lists fee waivers for trust accounts with a TIN; no trust account form saved,irrevocable trust/trust accounts with a TIN,Trust-owned brokerage account,1,https://www.rbcwealthmanagement.com/assets/wp-content/uploads/documents/legal/schedule-of-fees-updated.pdf,,2026-09,,2026-09-24,not stated,,,,,,,,,,not stated,,,,,,,,,,not stated,,,,,,,,,,not stated,,,,,,,,,,not stated,,,,,,,,,,not stated,,,,,,,,,,not stated,,,,,,,,,,not stated,,,,,,,,,,not stated,,,,,,,,,
baird,Robert W. Baird & Co. (Baird Funds direct IRAs and TOD accounts),brokerage,brokerage_tod,Baird brokerage account for a trust (Client Relationship Agreement),no,yes,trustee acts as Authorized Representative on the account; no documentation rules stated,Each Authorized Representative acting as (i) the trustee of a revocable or irrevocable trust,Baird brokerage account for a trust (Client Relationship Agreement),6,https://content.rwbaird.com/RWB/Content/PDF/Help/Client-Relationship-Agreement.pdf,,2022-01-01,,2026-09-24,not stated,,,,,,,,,,not stated,,,,,,,,,,not stated,,,,,,,,,,not stated,,,,,,,,,,not stated,,,,,,,,,,not stated,,,,,,,,,,not stated,,,,,,,,,,not stated,,,,,,,,,,not stated,,,,,,,,,
robinhood,"Robinhood (Robinhood Securities, LLC custodian)",brokerage,brokerage_tod,Robinhood brokerage account owned by a revocable living trust,no,yes,revocable living trusts only; grantor must be a trustee and open it in the app,"Robinhood supports revocable living trusts . At this time, irrevocable trusts and corporate (entity) trustees aren't supported.",Robinhood brokerage account owned by a revocable living trust,web page,https://robinhood.com/us/en/support/articles/trust-accounts-faq/,,,,2026-09-24,yes,certificate of trust or pages,"When applying, you'll be asked to upload specific pages from your trust agreement or certificate of trust.",Robinhood brokerage account owned by a revocable living trust,web page,https://robinhood.com/us/en/support/articles/trust-accounts-faq/,,,,2026-09-24,no,pages only,upload specific pages from your trust agreement or certificate of trust,Robinhood brokerage account owned by a revocable living trust,web page,https://robinhood.com/us/en/support/articles/trust-accounts-faq/,,,,2026-09-24,yes,"name, grantors, all trustees and signatures, date, jurisdiction, powers",A certificate of trust acts as a certified summary and includes: The official trust name The grantor's name(s) The names and signatures of all trustees The trust's date of execution The state of jurisdiction,Robinhood brokerage account owned by a revocable living trust,web page,https://robinhood.com/us/en/support/articles/trust-accounts-faq/,,,,2026-09-24,yes,each trustee signs the trust documentation before acting; any one onboarded trustee may give instructions,No Trustee may access or act in the Trust Account until they have completed Robinhood's identity verification requirements and executed the required Trust documentation.,Robinhood brokerage account owned by a revocable living trust,5,https://cdn.robinhood.com/assets/robinhood/legal/Robinhood-Customer-Agreement.pdf,,2026-09-01,,2026-09-24,yes,each trustee's identity verified,"Identity verification : For every trustee added, you'll confirm their legal",Robinhood brokerage account owned by a revocable living trust,web page,https://robinhood.com/us/en/support/articles/trust-accounts-faq/,,,,2026-09-24,yes,grantor SSN or trust EIN,"Using the primary grantor's SSN : In the majority of cases, a revocable trust shares the creator's personal identity. ... Using a trust-specific EIN : If your revocable trust has been assigned its own unique Employer Identification Number (EIN) by the IRS, you can select that option.",Robinhood brokerage account owned by a revocable living trust,web page,https://robinhood.com/us/en/support/articles/trust-accounts-faq/,,,,2026-09-24,yes,"death certificate, trust or certificate of trust, acceptance of trusteeship, ID (help page); earlier ""not stated"" concerned account opening","To verify the successor trustee's identity and authority, we'll ask for a death certificate, the trust document (or Certificate of Trust), a signed Acceptance of Trusteeship (if applicable), and a government-issued ID.",Robinhood brokerage account owned by a revocable living trust,web page,https://robinhood.com/us/en/support/articles/beneficiaries/,,,,2026-09-24,yes,"account restricted; successor trustee verified, then must ACAT the assets to another firm","Since Robinhood doesn't support irrevocable trusts, the trust account can't remain open with us.",Robinhood brokerage account owned by a revocable living trust,web page,https://robinhood.com/us/en/support/articles/beneficiaries/,,,,2026-09-24,yes,"notify Robinhood of amendments, revocation or trustee changes; new trustee must complete onboarding",Robinhood may restrict the Trust Account and require updated documentation following any change in Trustee identity or authority.,Robinhood brokerage account owned by a revocable living trust,5,https://cdn.robinhood.com/assets/robinhood/legal/Robinhood-Customer-Agreement.pdf,,2026-09-01,,2026-09-24
bank-the-northern-trust-company,The Northern Trust Company,bank,brokerage_tod,Northern Funds mutual fund account owned by a trust,no,yes,trust registration on the new account application,"TRUST ACCOUNT If you are establishing a Trust Account, please attach the Title, Trustee and Signature pages.",Northern Funds mutual fund account owned by a trust,9,https://ntam.northerntrust.com/content/dam/northerntrust/pws/nt/documents/funds/forms/new-account-application-swsfx.pdf,,,,2026-09-24,not stated,,,,,,,,,,no,excerpts only,"If this is a trust, please attach the Title, Trustee and Signature pages.",Northern Funds mutual fund account owned by a trust,2,https://ntam.northerntrust.com/content/dam/northerntrust/pws/nt/documents/funds/forms/new-account-application-swsfx.pdf,,,,2026-09-24,yes,"title, trustee and signature pages","If this is a trust, please attach the Title, Trustee and Signature pages.",Northern Funds mutual fund account owned by a trust,2,https://ntam.northerntrust.com/content/dam/northerntrust/pws/nt/documents/funds/forms/new-account-application-swsfx.pdf,,,,2026-09-24,yes,all trustees sign,All account owners or trustees must sign below.,Northern Funds mutual fund account owned by a trust,5,https://ntam.northerntrust.com/content/dam/ntam/us/en/documents/account-resources/forms/traditonal-ira-application-swsfx.pdf,,,,2026-09-24,yes,trustee and co-trustee SSN and date of birth,NAME OF AUTHORIZED SIGNER / TRUSTEE ... TRUSTEE'S SOCIAL SECURITY NUMBER ... TRUSTEE'S DATE OF BIRTH,Northern Funds mutual fund account owned by a trust,2,https://ntam.northerntrust.com/content/dam/northerntrust/pws/nt/documents/funds/forms/new-account-application-swsfx.pdf,,,,2026-09-24,yes,trust TIN; grantor or settlor TIN if different from the trustee,"TAX IDENTIFICATION NUMBER ... If entity type is a trust and the grantor or settlor of the trust is different than the trustee, please complete the following: ... GRANTOR TAX IDENTIFICATION NUMBER",Northern Funds mutual fund account owned by a trust,2,https://ntam.northerntrust.com/content/dam/northerntrust/pws/nt/documents/funds/forms/new-account-application-swsfx.pdf,,,,2026-09-24,not stated,,,,,,,,,,not stated,,,,,,,,,,not stated,,,,,,,,,
thrivent,Thrivent (Thrivent Funds direct accounts and IRAs),brokerage,brokerage_tod,Thrivent Funds account registered to a trust,no,yes,retitling by Change of Registration MF23432; no TOD on trust accounts,Transfer an account into a trust account. Required - complete the Thrivent Funds Certification of Trust Form MF24143. ... Transfer on Death (TOD) is not available on accounts registered as Trusts,Thrivent Funds account registered to a trust,1,https://thriventcharitable.thrivent.com/mf23432-thrivent-mutual-funds-change-of-registration-form-pdf,MF24143,,,2026-09-24,yes,Thrivent Funds Certification of Trust (24143A covers Thrivent Funds),Required - complete the Thrivent Funds Certification of Trust Form MF24143.,Thrivent Funds account registered to a trust,1,https://thriventcharitable.thrivent.com/mf23432-thrivent-mutual-funds-change-of-registration-form-pdf,MF24143,,,2026-09-24,not stated,,,,,,,,,,not stated,,,,,,,,,,yes,"all trustees in CA, ID, IA, MO, NE, NV, NJ, OR, else one; notary stamp when a trustee lives in ID, MI, MN, NE, NV, TN or VT","When any currently acting trustee is a resident of California, Idaho, Iowa, Missouri, Nebraska, Nevada, New Jersey, or Oregon, all currently acting trustees must sign the Certification of Trust. In all other states, only one trustee's signature is required. ... Affix notary stamp here (required when",Thrivent Funds account registered to a trust,64,https://www.thrivent.com/content/start-now/files/wl19_al_packet.pdf,ICC18,,,2026-09-24,yes,"name, SSN, address and date of birth of each acting trustee",Identification of Currently Acting Trustee(s) - Complete for all currently acting trustee(s).,Thrivent Funds account registered to a trust,62,https://www.thrivent.com/content/start-now/files/wl19_al_packet.pdf,ICC18,,,2026-09-24,yes,irrevocable trust EIN; revocable trust grantor SSN,Irrevocable - Trust Employer Identification Number (EIN) ... Social Security number of grantor ... no account/contract will be accepted without a valid TIN,Thrivent Funds account registered to a trust,62,https://www.thrivent.com/content/start-now/files/wl19_al_packet.pdf,ICC18,,,2026-09-24,yes,no proof of succession; Tennessee trustees list successor trustees,I authorize Thrivent to rely upon the authority of one or more successors to act without proof of their succession,Thrivent Funds account registered to a trust,64,https://www.thrivent.com/content/start-now/files/wl19_al_packet.pdf,ICC18,,,2026-09-24,yes,notify Thrivent for cost basis,Provide notification upon the death of any trust grantor(s) for revocable trusts in order for cost basis to be adjusted.,Thrivent Funds account registered to a trust,64,https://www.thrivent.com/content/start-now/files/wl19_al_packet.pdf,ICC18,,,2026-09-24,yes,trustee must notify Thrivent of changes (written revocation or amendment),I will promptly inform Thrivent of any changes in the representations contained in this certification,Thrivent Funds account registered to a trust,64,https://www.thrivent.com/content/start-now/files/wl19_al_packet.pdf,ICC18,,,2026-09-24
tiaa,TIAA (IRAs),brokerage,brokerage_tod,TIAA-CREF Funds account registered to a trust (application F11154),no,yes,yes; foreign trusts refused,Trusts (Please attach the initial page(s) of the trust agreement identifying the parties to the trust and the signature page(s). Foreign trusts are not permitted to have shareholder accounts.),TIAA-CREF Funds account registered to a trust (application F11154),1,https://www.tiaa.org/public/pdf/m/mf-app.pdf,F11154,2023-09,2025-07-10,2026-09-24,yes,"trustee certification on the application, together with trust excerpts",Trustee(s) Certification: I am/We are the currently acting Trustee(s) and am/are authorized by the trust agreement to purchase shares of the TIAA-CREF Funds.,TIAA-CREF Funds account registered to a trust (application F11154),11,https://www.tiaa.org/public/pdf/m/mf-app.pdf,F11154,2023-09,2025-07-10,2026-09-24,no,excerpts only,Please attach the initial page(s) of the trust agreement identifying the parties to the trust and the signature page(s).,TIAA-CREF Funds account registered to a trust (application F11154),1,https://www.tiaa.org/public/pdf/m/mf-app.pdf,F11154,2023-09,2025-07-10,2026-09-24,yes,first page(s) naming the parties and the signature page(s); for a statutory trust also the page with the date,Please attach the initial page(s) of the trust agreement identifying the parties to the trust and the signature page(s).,TIAA-CREF Funds account registered to a trust (application F11154),1,https://www.tiaa.org/public/pdf/m/mf-app.pdf,F11154,2023-09,2025-07-10,2026-09-24,not stated,,,,,,,,,,yes,"trustee section asks SSN or TIN, date of birth and citizenship for each trustee","When you open an account, we will ask for your name, address, date of birth, Social Security number and other information that will allow us to identify you",TIAA-CREF Funds account registered to a trust (application F11154),1,https://www.tiaa.org/public/pdf/m/mf-app.pdf,F11154,2023-09,2025-07-10,2026-09-24,not stated,,,,,,,,,,not stated,,,,,,,,,,not stated,,,,,,,,,,not stated,,,,,,,,,
ubs,UBS Financial Services,brokerage,brokerage_tod,UBS brokerage account owned by a (non-ERISA) trust,no,yes,trust accounts via certification,"In consideration of UBS Financial Services Inc. or any of its current or future subsidiaries, affiliates, successors, or assigns (collectively, ""UBS"") opening and/or maintaining one or more accounts for the trust named below",UBS brokerage account owned by a (non-ERISA) trust,1,https://onlineservices.ubs.com/staticfiles/pws/adobe/trustee_certification_and_agreement_for_nonERISA-trusts.pdf,CL-TS,2008-07,,2026-09-24,yes,UBS's own Trustee Certification and Agreement (2008 revision is the public copy),"certify, represent and warrant that the trust agreement to which this Certification and Agreement applies is in full",UBS brokerage account owned by a (non-ERISA) trust,1,https://onlineservices.ubs.com/staticfiles/pws/adobe/trustee_certification_and_agreement_for_nonERISA-trusts.pdf,CL-TS,2008-07,,2026-09-24,not stated,,,,,,,,,,not stated,,,,,,,,,,yes,all trustees (and grantors of a revocable trust) sign; afterwards any one trustee may act alone unless the Signature Page says otherwise,"All trustees - and, if the trust is a grantor revocable trust, all grantors - must execute this form. ... Each trustee (or a corporate officer if the account is a corporate trust) executed the certification.",UBS brokerage account owned by a (non-ERISA) trust,1,https://onlineservices.ubs.com/staticfiles/pws/adobe/trustee_certification_and_agreement_for_nonERISA-trusts.pdf,CL-TS,2008-07,,2026-09-24,yes,"each trustee, name, address, date of birth, SSN/TIN (passport or cedula if non-US); ID documents may be requested (trust and estate application)","Passport/Cedula (If non-U.S. and no Social Security Number specified) ... we will ask for your name, a street address, date of birth, and a tax identification number, such as a social security number. We may also ask to see a driver's license or other identifying documents",UBS brokerage account owned by a (non-ERISA) trust,3,https://onlineservices.ubs.com/staticfiles/pws/adobe/account_application_and_agreement_for_trust_and_estate_accounts.pdf,,2011-08,,2026-09-24,not stated,,,,,,,,,,yes,pre-name a successor trustee with SSN/TIN on the form,"In the event of the death of all the trustees named in the Trust Information section on page 1, the person identified below is authorized to act as successor trustee",UBS brokerage account owned by a (non-ERISA) trust,2,https://onlineservices.ubs.com/staticfiles/pws/adobe/trustee_certification_and_agreement_for_nonERISA-trusts.pdf,CL-TS,2008-07,,2026-09-24,not stated,,,,,,,,,,yes,updated certification after any trust amendment or change of trustees (Client Relationship Agreement),"If this form is being used to add a new trustee or successor trustee to the account(s), that we are empowered to do so by the trust agreement, pertinent court order, or applicable law. ... You agree to provide UBS an updated certification if there is any amendment to the trust, any change in the composition of the trustees",UBS brokerage account owned by a (non-ERISA) trust,1,https://onlineservices.ubs.com/staticfiles/pws/adobe/trustee_certification_and_agreement_for_nonERISA-trusts.pdf,CL-TS,2008-07,,2026-09-24
vanguard,Vanguard,brokerage,brokerage_tod,Vanguard brokerage or mutual fund account owned by a trust,no,yes,online or paper trust application,"A completed trust account application, including personal information of the trustees, the type of trust, the date of the trust, and the trust's tax identification number.",Vanguard brokerage or mutual fund account owned by a trust,web page,https://investor.vanguard.com/accounts-plans/trust-accounts,,,,2026-09-24,not stated,,,,,,,,,,no,relevant pages only,"Don't include the entire trust document, only the relevant pages (usually the first and last) containing the following information.",Vanguard brokerage or mutual fund account owned by a trust,web page,https://investor.vanguard.com/accounts-plans/trust-accounts,,,,2026-09-24,yes,"pages with name, date, current trustees and all signatures; will pages and court filing proof for testamentary trusts; creating provision for sub-trusts",For a trust under agreement: The trust's name and date. The current trustees' names. All signature pages of the trust document.,Vanguard brokerage or mutual fund account owned by a trust,web page,https://investor.vanguard.com/accounts-plans/trust-accounts,,,,2026-09-24,not stated,,,,,,,,,,not stated,,,,,,,,,,yes,trust TIN on application,the trust's tax identification number,Vanguard brokerage or mutual fund account owned by a trust,web page,https://investor.vanguard.com/accounts-plans/trust-accounts,,,,2026-09-24,yes,death certificate or letter of incapacitation,"If the trust ownership is being/has passed to you from someone else, provide additional documentation as to why the original/current trustee is no longer acting (i.e., death certificate, letter of incapacitation).",Vanguard brokerage or mutual fund account owned by a trust,web page,https://investor.vanguard.com/accounts-plans/trust-accounts,,,,2026-09-24,not stated,,,,,,,,,,yes,same documentation as a successor trustee,"provide additional documentation as to why the original/current trustee is no longer acting (i.e., death certificate, letter of incapacitation)",Vanguard brokerage or mutual fund account owned by a trust,web page,https://investor.vanguard.com/accounts-plans/trust-accounts,,,,2026-09-24
wealthfront,Wealthfront,brokerage,brokerage_tod,Wealthfront account owned by a trust,no,yes,trust accounts exist,How can the secondary trustee(s) access our trust account?,Wealthfront account owned by a trust,web page,https://support.wealthfront.com/hc/en-us/articles/213576786-How-do-I-add-or-change-a-beneficiary-to-my-Wealthfront-accounts,,2026-09-03,,2026-09-24,not stated,,,,,,,,,,not stated,,,,,,,,,,not stated,,,,,,,,,,not stated,,,,,,,,,,not stated,,,,,,,,,,not stated,,,,,,,,,,not stated,,,,,,,,,,yes,death certificate and trust documents,"A copy of the death certificate Probate documents (i.e. Letters of Administration, Letters Testamentary) A Small Estate Affidavit (if bypassing probate) Trust documents (for Wealthfront Trust Accounts)",Wealthfront account owned by a trust,web page,https://support.wealthfront.com/hc/en-us/articles/30257265144724-What-to-do-when-someone-passes-away,,2026-09-08,,2026-09-24,not stated,,,,,,,,,
wellsfargo,"Wells Fargo Advisors (Wells Fargo Clearing Services, custodian; incl. WellsTrade and Intuitive Investor)",brokerage,brokerage_tod,Wells Fargo Advisors brokerage account owned by a trust,no,yes,trust accounts via TCIP,"In consideration of Wells Fargo Clearing Services, LLC (""you"") opening and/or maintaining one or more accounts (each, an ""Account"") for the trust named below",Wells Fargo Advisors brokerage account owned by a trust,1,https://fa.wellsfargoadvisors.com/choden-steiner/mediahandler/media/156014/TCIP.pdf,556454,Rev 26 - 06/18,,2026-09-24,yes,Trustee Certification of Investment Powers,"the undersigned trustee(s) hereby certify, swear under penalty of perjury, and acknowledge that the following information is accurate and complete",Wells Fargo Advisors brokerage account owned by a trust,1,https://fa.wellsfargoadvisors.com/choden-steiner/mediahandler/media/156014/TCIP.pdf,556454,Rev 26 - 06/18,,2026-09-24,no,relies on certification only,"you will be relying solely on these certifications, and that you will not review or interpret the trust for any matters relating to such certifications and operation of the Account(s), even if you are provided with a copy of the trust.",Wells Fargo Advisors brokerage account owned by a trust,2,https://fa.wellsfargoadvisors.com/choden-steiner/mediahandler/media/156014/TCIP.pdf,556454,Rev 26 - 06/18,,2026-09-24,not stated,,,,,,,,,,yes,all trustees sign,SIGNATURE (All trustee(s) must sign) ... We hereby certify that the undersigned are all of the trustee(s) of the trust.,Wells Fargo Advisors brokerage account owned by a trust,2,https://fa.wellsfargoadvisors.com/choden-steiner/mediahandler/media/156014/TCIP.pdf,556454,Rev 26 - 06/18,,2026-09-24,not stated,,,,,,,,,,yes,trust TIN on certification,The trust's U.S. taxpayer identification number is:,Wells Fargo Advisors brokerage account owned by a trust,1,https://fa.wellsfargoadvisors.com/choden-steiner/mediahandler/media/156014/TCIP.pdf,556454,Rev 26 - 06/18,,2026-09-24,yes,name the first successor on the TCIP; otherwise legal opinion may be required,"If we do not name or, if applicable, update the successor trustee in this certification, we acknowledge that you may require a legal opinion and/or other documentation prior to allowing a successor trustee to act.",Wells Fargo Advisors brokerage account owned by a trust,2,https://fa.wellsfargoadvisors.com/choden-steiner/mediahandler/media/156014/TCIP.pdf,556454,Rev 26 - 06/18,,2026-09-24,not stated,,,,,,,,,,yes,written notice and updated certification,"We agree to inform you, in writing, immediately if: (a) there is any subsequent amendment to the trust, including any change in successor trustee(s); (b) any trustee dies or becomes incapacitated",Wells Fargo Advisors brokerage account owned by a trust,2,https://fa.wellsfargoadvisors.com/choden-steiner/mediahandler/media/156014/TCIP.pdf,556454,Rev 26 - 06/18,,2026-09-24
hsa-fidelity,"Fidelity Health Savings Account (Fidelity Personal Trust Company, FSB, custodian)",hsa,hsa,Fiduciary account for a trust beneficiary of a Fidelity HSA,no,yes,"only a temporary fiduciary account in the trust's name to receive the inherited HSA assets (taxable HSA death distribution), closed after distribution by check or in-kind transfer to a Fidelity nonretirement account","Use this form to establish a temporary account for the receipt and distribution of assets inherited from a Fidelity Health Savings ... Account (HSA) as a representative of an estate, trust, or entity beneficiary",Fiduciary account for a trust beneficiary of a Fidelity HSA,2,https://www.fidelity.com/bin-public/060_www_fidelity_com/documents/customer-service/HSA_distribution-estate-entity-requirements.pdf,1.9885017.104,2024-08,,2026-09-24,yes,Fidelity Certification of Trust form accepted,"Fidelity Certification of Trust form OR the following from your trust agreement: Title page, signature page, and the",Fiduciary account for a trust beneficiary of a Fidelity HSA,1,https://www.fidelity.com/bin-public/060_www_fidelity_com/documents/customer-service/HSA_distribution-estate-entity-requirements.pdf,1.9885017.104,2024-08,,2026-09-24,no,certification or excerpts; Fidelity may require additional documentation,"Fidelity Certification of Trust form OR the following from your trust agreement: Title page, signature page, and the ... page that lists the succession of trustees, if necessary",Fiduciary account for a trust beneficiary of a Fidelity HSA,1,https://www.fidelity.com/bin-public/060_www_fidelity_com/documents/customer-service/HSA_distribution-estate-entity-requirements.pdf,1.9885017.104,2024-08,,2026-09-24,yes,"title page, signature page, trustee succession page if necessary","Title page, signature page, and the ... page that lists the succession of trustees, if necessary",Fiduciary account for a trust beneficiary of a Fidelity HSA,1,https://www.fidelity.com/bin-public/060_www_fidelity_com/documents/customer-service/HSA_distribution-estate-entity-requirements.pdf,1.9885017.104,2024-08,,2026-09-24,yes,"all trustees sign; Medallion guarantee over $100,000 unless signed at a Fidelity Investor Center with all signers present","ALL executors and trustees must sign this form ... A Medallion signature guarantee is required if the transaction is greater than $100,000.",Fiduciary account for a trust beneficiary of a Fidelity HSA,9,https://www.fidelity.com/bin-public/060_www_fidelity_com/documents/customer-service/HSA_distribution-estate-entity-requirements.pdf,1.9885017.104,2024-08,,2026-09-24,yes,"trustee name, date of birth, SSN, address; government ID details for foreign citizens; CIP verification","Provide the following information for the primary Executor, Trustee, Custodian of the Minor, Business Authorized Individual, Guardian, or ... federal regulation requires Fidelity to obtain and verify your name, date of birth, address",Fiduciary account for a trust beneficiary of a Fidelity HSA,5,https://www.fidelity.com/bin-public/060_www_fidelity_com/documents/customer-service/HSA_distribution-estate-entity-requirements.pdf,1.9885017.104,2024-08,,2026-09-24,yes,the trust's taxpayer ID (SSN/ITIN or entity TIN) is entered for the trust beneficiary,SSN/ITIN OR Entity ID/TIN,Fiduciary account for a trust beneficiary of a Fidelity HSA,3,https://www.fidelity.com/bin-public/060_www_fidelity_com/documents/customer-service/HSA_distribution-estate-entity-requirements.pdf,1.9885017.104,2024-08,,2026-09-24,yes,"trust page listing succession of trustees, if necessary","page that lists the succession of trustees, if necessary",Fiduciary account for a trust beneficiary of a Fidelity HSA,1,https://www.fidelity.com/bin-public/060_www_fidelity_com/documents/customer-service/HSA_distribution-estate-entity-requirements.pdf,1.9885017.104,2024-08,,2026-09-24,not stated,,,,,,,,,,yes,trustees must notify Fidelity in writing of any change in the trustees,"The Trustees agree to inform Fidelity, in ... writing, of any change in the composition ... of the Trustees, or any other event that",Fiduciary account for a trust beneficiary of a Fidelity HSA,8,https://www.fidelity.com/bin-public/060_www_fidelity_com/documents/customer-service/HSA_distribution-estate-entity-requirements.pdf,1.9885017.104,2024-08,,2026-09-24
madison-trust,Madison Trust Company,brokerage,ira,Inherited IRA held by a trust beneficiary,no,yes,inherited IRA may be titled to a trust beneficiary,"For non-individual beneficiaries ... If the account is owned by a trust, we will need a Trust Certification Form.",Inherited IRA held by a trust beneficiary,1,https://beta.madisontrust.com/forms/Inherited_IRA_Account_Application_Entity.pdf,,,,2026-09-24,yes,Madison's Trust Certification for Inherited IRA,This form should be completed and returned to Madison Trust Company when a trust is the accountholder of an inherited IRA,Inherited IRA held by a trust beneficiary,1,https://www.madisontrust.com/forms/Trust_Certification_for_Inherited_IRA.pdf,F00V5,,,2026-09-24,no,no; only if requested,Do not provide a copy of the trust agreement or any part of it unless requested by Madison Trust Company.,Inherited IRA held by a trust beneficiary,1,https://www.madisontrust.com/forms/Trust_Certification_for_Inherited_IRA.pdf,F00V5,,,2026-09-24,not stated,,,,,,,,,,yes,all trustees,All trustees must sign. Attach additional signature pages if there are more than three trustees.,Inherited IRA held by a trust beneficiary,3,https://www.madisontrust.com/forms/Trust_Certification_for_Inherited_IRA.pdf,F00V5,,,2026-09-24,yes,photo ID of the responsible party (trustee),Please attach a photocopy of your government-issued photo identification.,Inherited IRA held by a trust beneficiary,1,https://beta.madisontrust.com/forms/Inherited_IRA_Account_Application_Entity.pdf,,,,2026-09-24,yes,trust EIN,Name of Trust ... Trust EIN ... Date of Trust Agreement,Inherited IRA held by a trust beneficiary,1,https://www.madisontrust.com/forms/Trust_Certification_for_Inherited_IRA.pdf,F00V5,,,2026-09-24,not stated,,,,,,,,,,not stated,,,,,,,,,,yes,trustees must notify promptly; no document list stated,The trustees will notify Madison Trust Company promptly of any changes to the information provided as the result of an amendment to the trust or because the information has changed.,Inherited IRA held by a trust beneficiary,3,https://www.madisontrust.com/forms/Trust_Certification_for_Inherited_IRA.pdf,F00V5,,,2026-09-24
bank-pnc-bank,"PNC Bank, National Association",bank,ira,PNC Wealth Management Premiere Select IRA Beneficiary Distribution Account (inherited IRA) held by a trust (NFS / FMTC),no,yes,a trust may hold an inherited IRA-BDA; for a direct rollover of employer plan assets the trustee certifies the trust is a qualifying non-spouse beneficiary under Code section 402(c),"inherited by a Trust are being directly rolled to an ... IRA-BDA, as Trustee for the above-referenced Trust, ... I hereby certify that the trust is a qualifying non-",PNC Wealth Management Premiere Select IRA Beneficiary Distribution Account (inherited IRA) held by a trust (NFS / FMTC),10,https://www.pnc.com/content/dam/pnc-com/pdf/personal/wealth-investments/PNCI/PNCWM_Retirement_Account_Customer_Agreement.pdf,1.830486.119,2024-04,2026-03-01,2026-09-24,yes,NFS Trustee Certification of Investment Powers form,and as listed on the Trustee Certification of Investment ... Powers form included with this Application.,PNC Wealth Management Premiere Select IRA Beneficiary Distribution Account (inherited IRA) held by a trust (NFS / FMTC),10,https://www.pnc.com/content/dam/pnc-com/pdf/personal/wealth-investments/PNCI/PNCWM_Retirement_Account_Customer_Agreement.pdf,1.830486.119,2024-04,2026-03-01,2026-09-24,not stated,,,,,,,,,,not stated,,,,,,,,,,yes,"any trustee may instruct, but NFS may require written consent of any or all trustees; a single signer represents being sole trustee","protection, may require the written consent of any or ... all Trustees prior to acting upon the instructions of any ... be a representation that the signer is the sole Trustee.",PNC Wealth Management Premiere Select IRA Beneficiary Distribution Account (inherited IRA) held by a trust (NFS / FMTC),10,https://www.pnc.com/content/dam/pnc-com/pdf/personal/wealth-investments/PNCI/PNCWM_Retirement_Account_Customer_Agreement.pdf,1.830486.119,2024-04,2026-03-01,2026-09-24,not stated,,,,,,,,,,not stated,,,,,,,,,,not stated,,,,,,,,,,not stated,,,,,,,,,,yes,written notice of a change in trustees,"We, the Trustees, agree to inform You in writing of any ... change in the composition of the Trustees, or any other",PNC Wealth Management Premiere Select IRA Beneficiary Distribution Account (inherited IRA) held by a trust (NFS / FMTC),10,https://www.pnc.com/content/dam/pnc-com/pdf/personal/wealth-investments/PNCI/PNCWM_Retirement_Account_Customer_Agreement.pdf,1.830486.119,2024-04,2026-03-01,2026-09-24
ins-allianz-life,Allianz Life Insurance Company of North America,insurer,life,Trust-owned life insurance policies,no,yes,transfer to a trust owner (SFAL0013); the certification asks for the trust beneficiary for life contracts and an insurable interest representation,"If a trust is designated as the new owner, please provide an Entity Customer Information form and a completed certification of trust or appropriate pages of the trust reflecting the name of the trust and acting trustee(s).",Trust-owned life insurance policies,1,https://www.allianzlife.com/-/media/files/global/documents/2021/07/20/13/21/sfal0013.pdf,SFAL0013,2023-10,,2026-09-24,yes,Allianz Certification of Trust form NBAL0049 (6/2022),a completed certification of trust or appropriate pages of the trust reflecting the name of the trust and acting trustee(s),Trust-owned life insurance policies,1,https://www.allianzlife.com/-/media/files/global/documents/2021/07/20/13/21/sfal0013.pdf,SFAL0013,2023-10,,2026-09-24,no,"current form (2023), certification or pages; the 2015 form S2263 required a complete copy of the trust plus Trustee Certification NB2290 for life policies",a completed certification of trust or appropriate pages of the trust reflecting the name of the trust and acting trustee(s),Trust-owned life insurance policies,1,https://www.allianzlife.com/-/media/files/global/documents/2021/07/20/13/21/sfal0013.pdf,SFAL0013,2023-10,,2026-09-24,yes,pages showing trust name and acting trustee(s),appropriate pages of the trust reflecting the name of the trust and acting trustee(s),Trust-owned life insurance policies,1,https://www.allianzlife.com/-/media/files/global/documents/2021/07/20/13/21/sfal0013.pdf,SFAL0013,2023-10,,2026-09-24,yes,"all trustees sign the certification; the certification also records whether trustees act together, independently or by majority","If multiple Trustees, ALL Trustees must sign, even if Trustee can act independently.",Trust-owned life insurance policies,3,https://www.allianzlife.com/-/media/files/global/documents/2018/01/23/19/42/nbal0049.pdf,NBAL0049,2022-06,,2026-09-24,not stated,,,,,,,,,,yes,trust TIN or SSN on the certification; S2263 asks SSN or EIN if the owner is a trust,Trust Tax Identification number/Social Security number,Trust-owned life insurance policies,1,https://www.allianzlife.com/-/media/files/global/documents/2018/01/23/19/42/nbal0049.pdf,NBAL0049,2022-06,,2026-09-24,not stated,,,,,,,,,,not stated,,,,,,,,,,yes,trustees must notify Allianz in writing; Allianz may rely on the certification until notified,"The Trustee agrees to notify Allianz Life Insurance Company of North America (Allianz) in writing of any amendments to the Trust, any changes in the composition of the trustees or any other event that may alter the certifications",Trust-owned life insurance policies,3,https://www.allianzlife.com/-/media/files/global/documents/2018/01/23/19/42/nbal0049.pdf,NBAL0049,2022-06,,2026-09-24
ins-brighthouse,Brighthouse Life Insurance Company,insurer,life,Brighthouse life insurance policy owned by a trust,no,yes,the beneficiary change form provides for a trust as policy owner,Non-Individual Owner Information ... Name of Entity or Trust ... Tax ID Number Date of Trust (if applicable) State of Domicile,Brighthouse life insurance policy owned by a trust,2,https://forms.brighthousefinancial.com/product-forms/life/BENECHANGE-B-DXC-P2%20(12-24).pdf,,2024-12,,2026-09-24,not stated,,,,,,,,,,not stated,,,,,,,,,,not stated,,,,,,,,,,not stated,,,,,,,,,,not stated,,,,,,,,,,not stated,,,,,,,,,,not stated,,,,,,,,,,not stated,,,,,,,,,,not stated,,,,,,,,,
ins-equitable,Equitable Financial Life Insurance Company (formerly AXA Equitable),insurer,life,Trust-owned life policies (form E6258),no,yes,a trust may be the present owner (current form e14616 and E6258),"Corporate, Partnership, Charity/Non-Profit or Trust Name ... For Corporate or Trust Owned Policies: Name of Corporation or Trust:",Trust-owned life policies (form E6258),1,https://portal.equitable.com/appentry/EDoxRedirect?node_id=18794320,,2023-03,,2026-09-25,not stated,,,,,,,,,,not stated,,,,,,,,,,not stated,,,,,,,,,,yes,current trustee(s) sign with title (e14616); whether all co-trustees must sign is not stated,Must be signed by current Trustee (s) with their title.,Trust-owned life policies (form E6258),5,https://portal.equitable.com/appentry/EDoxRedirect?node_id=18794320,,2023-03,,2026-09-25,not stated,,,,,,,,,,not stated,,,,,,,,,,not stated,,,,,,,,,,not stated,,,,,,,,,,not stated,,,,,,,,,
ins-fg,F&G Annuities & Life (Fidelity & Guaranty Life Insurance Company),insurer,life,F&G life insurance policy owned by a trust,no,yes,a trust may own the contract; a Non-Natural Owner Acknowledgement form is required on transfer to a trust,"If the new owner is a TRUST, a Non-Natural Owner Acknowledgement form must be completed an accompany this",F&G life insurance policy owned by a trust,2,https://assets.fglife.com/is/content/fglife/ad-reviewed-materials/admin/admin0000s/ADMIN0177%20Transfer%20of%20ownership%20-%20Change%20of%20Beneficiary.pdf,,2015-10,,2026-09-24,not stated,,,,,,,,,,not stated,,,,,,,,,,not stated,,,,,,,,,,yes,"all trustees sign with title ""trustee"" (beneficiary change and disbursement forms)","Trust - All trustee(s) must sign with title ""trustee"" according to the terms of the Trust Agreement.",F&G life insurance policy owned by a trust,1,https://assets.fglife.com/is/content/fglife/ad-reviewed-materials/admin/admin5700s/ADMIN5742%20Change%20of%20Beneficiary%20Request.pdf,,2018-09,,2026-09-24,not stated,,,,,,,,,,not stated,,,,,,,,,,not stated,,,,,,,,,,not stated,,,,,,,,,,not stated,,,,,,,,,
ins-global-atlantic,Global Atlantic Financial Group (Forethought Life),insurer,life,Accordia Life policy owned by a trust,no,yes,trust owners accepted with Trust Verification,"Please list all existing or new policies with Accordia Life that have or will have this Trust as owner or beneficiary. ... If the owner is a Trust, submit a Trust Verification Request Form",Accordia Life policy owned by a trust,1,https://www.globalatlantic.com/content/dam/global-atlantic/corporate-agnostic/pdfs/16541-trust-verification.pdf,,,,2026-09-24,yes,insurer's own Trust Verification (16541),"Use this form to certify the name, date and trustees of your trust.",Accordia Life policy owned by a trust,web page,https://www.globalatlantic.com/individual/resources/support-center,,,,2026-09-24,yes,on request,Please be advised that the Company reserves the right to request and receive a copy of the Trust documents.,Accordia Life policy owned by a trust,2,https://www.globalatlantic.com/content/dam/global-atlantic/corporate-agnostic/pdfs/16541-trust-verification.pdf,,,,2026-09-24,not stated,,,,,,,,,,yes,all trustees sign unless the trust lets them act independently,"if more than one trustee, we require all trustees to sign applicable forms, unless we receive a copy of the trust stating that the Trustees can act independently. ... Each Trustee indicated in Question 10 must sign below.",Accordia Life policy owned by a trust,1,https://www.globalatlantic.com/content/dam/global-atlantic/corporate-agnostic/pdfs/16541-trust-verification.pdf,,,,2026-09-24,not stated,,,,,,,,,,yes,"trust TIN, not needed for a revocable grantor trust; grantor SSN asked",Trust Tax Identification Number (TIN) is: ... (not required for revocable grantor trusts),Accordia Life policy owned by a trust,1,https://www.globalatlantic.com/content/dam/global-atlantic/corporate-agnostic/pdfs/16541-trust-verification.pdf,,,,2026-09-24,not stated,,,,,,,,,,not stated,,,,,,,,,,yes,written notice and an updated Trust Verification,"the Company may rely upon the direction of the named Trustee(s) until the Company receives written notification at its Home Office of a change of Trustee ... if there have been changes to the Trust, please submit an updated Trust Verification Form",Accordia Life policy owned by a trust,2,https://www.globalatlantic.com/content/dam/global-atlantic/corporate-agnostic/pdfs/16541-trust-verification.pdf,,,,2026-09-24
ins-guardian,Guardian Life Insurance Company of America,insurer,life,Guardian individual life policy owned by a trust (Request for Beneficiary Change instructions),no,yes,trust-owned policies contemplated,Owner(s) Birth/Trust Date ... Trust or Pension Plan,Guardian individual life policy owned by a trust (Request for Beneficiary Change instructions),1,https://www.guardianlife.com/s3fs-public/2020-06/ChangeUpdate+Beneficiary+Information+(6-20)_0.pdf,,2020-05,,2026-09-25,not stated,,,,,,,,,,not stated,,,,,,,,,,not stated,,,,,,,,,,yes,"all trustees sign, or one with proof of authority","Signatures of all trustees, unless one trustee has the authority to sign for ... the entire trust/plan. If one trustee can sign, be sure to include proof of",Guardian individual life policy owned by a trust (Request for Beneficiary Change instructions),1,https://www.guardianlife.com/s3fs-public/2020-06/ChangeUpdate+Beneficiary+Information+(6-20)_0.pdf,,2020-05,,2026-09-25,not stated,,,,,,,,,,not stated,,,,,,,,,,not stated,,,,,,,,,,not stated,,,,,,,,,,not stated,,,,,,,,,
ins-lincoln,Lincoln Financial (Lincoln National Life),insurer,life,Lincoln life insurance policy owned by a trust,no,yes,"ownership change option D, with trust name, trustee, trust date, TIN; trust may also be contingent owner",To the formal trust agreement named below.,Lincoln life insurance policy owned by a trust,4,https://www.lincolnfinancial.com/pbl-static/pdf/CS06891-form.pdf,CS06891,2025-02,,2026-09-24,yes,Lincoln's own Certification of Trustee Powers form (CS11769) required,Signature of all Trustee(s) with title along with the completed Certification of Trustee Powers form.,Lincoln life insurance policy owned by a trust,7,https://www.lincolnfinancial.com/pbl-static/pdf/CS06891-form.pdf,CS06891,2025-02,,2026-09-24,not stated,,,,,,,,,,not stated,,,,,,,,,,yes,all trustees sign with title,Trust owned policies must be signed by all trustees with the title of each and attach the Certification of Trustee Powers form.,Lincoln life insurance policy owned by a trust,2,https://www.lincolnfinancial.com/pbl-static/pdf/CS06893-form.pdf,G10-00,2023-12,,2026-09-24,not stated,,,,,,,,,,yes,trust TIN required; W-9 may be required; EIN vs grantor SSN not specified,Tax ID Number is required for Trusts. ... Tax Identification Number (TIN) of trusts or other types of entities.,Lincoln life insurance policy owned by a trust,2,https://www.lincolnfinancial.com/pbl-static/pdf/CS06893-form.pdf,G10-00,2023-12,,2026-09-24,not stated,,,,,,,,,,not stated,,,,,,,,,,not stated,,,,,,,,,
ins-nationwide,Nationwide Life Insurance Company (and Nationwide Life and Annuity Insurance Company),insurer,life,Trust-owned life insurance policies,no,yes,"trust-owned policies, trustee signs as owner (LAF-0140AO; LAF-0119AO ""Trustee"" signature line)","For trusts, we require a Certification of Trust (Trust Certificate)",Trust-owned life insurance policies,3,https://nationwidefinancial.com/media/pdf/LAF-0140AO.pdf,,2023-03,,2026-09-24,yes,Certification of Trust,"For trusts, we require a Certification of Trust (Trust Certificate) that provides necessary information to validate the trust including but not limited to the legal Trust name and effective date, Trustees(s) authorized to act on the behalf of the Trust including any successor Trustees(s), and the Trust's tax identification number.",Trust-owned life insurance policies,3,https://nationwidefinancial.com/media/pdf/LAF-0140AO.pdf,,2023-03,,2026-09-24,not stated,,,,,,,,,,not stated,,,,,,,,,,yes,all co-trustees sign the beneficiary change,"This request must be signed and dated by all persons who have ownership or other rights in the policy (all co-owners, joint owners, co-trustees, previously named irrevocable beneficiaries, etc.).",Trust-owned life insurance policies,6,https://nationwidefinancial.com/media/pdf/LAF-0119AO.pdf,,2025-11,,2026-09-24,not stated,,,,,,,,,,yes,trust TIN in the certification,and the Trust's tax identification number,Trust-owned life insurance policies,2,https://nationwidefinancial.com/media/pdf/APO-5309.pdf,APO-5309-X,2025-08,,2026-09-24,not stated,,,,,,,,,,not stated,,,,,,,,,,not stated,,,,,,,,,
ins-new-york-life,New York Life Insurance Company,insurer,life,Trust-owned life policies (Transfer of Ownership form 21132 12/2023 in kit 22600 09/2026),no,yes,"a trust (irrevocable, revocable or grantor) may be named new owner of a policy or annuity",TO NAME A TRUST ... Statement Regarding Trust as Owner ... The Trust Agreement contains no limitations on the ownership rights of the Trust (s) as owner(s) of the insurance/annuity policies.,Trust-owned life policies (Transfer of Ownership form 21132 12/2023 in kit 22600 09/2026),5,https://www.newyorklife.com/bin/nyl/api.forms/formslibrary/static/22600.pdf,22600,2026-09,,2026-09-24,yes,"the owner checks New York Life's own trust statement (trustee authority to pay premiums, no limits on ownership rights) and an assisting agent may certify review of the trust; the excerpt pages are still required",Statement Regarding Trust as Owner ... the Trust Agreement created by the Grantor as shown above (and the trust date shown above) agrees with the following ... I attest that I have reviewed the identifying trust/business document(s),Trust-owned life policies (Transfer of Ownership form 21132 12/2023 in kit 22600 09/2026),5,https://www.newyorklife.com/bin/nyl/api.forms/formslibrary/static/22600.pdf,22600,2026-09,,2026-09-24,yes,excerpts at transfer; the full trust on request,New York Life or its subsidiaries reserves the right to request the entire trust document.,Trust-owned life policies (Transfer of Ownership form 21132 12/2023 in kit 22600 09/2026),5,https://www.newyorklife.com/bin/nyl/api.forms/formslibrary/static/22600.pdf,22600,2026-09,,2026-09-24,yes,"title, signature and notary pages plus trustee and successor trustee pages","A copy of the Title, Signature, and Notary pages of the trust agreement, including the pages showing the trustee and successor trustee information is required.",Trust-owned life policies (Transfer of Ownership form 21132 12/2023 in kit 22600 09/2026),5,https://www.newyorklife.com/bin/nyl/api.forms/formslibrary/static/22600.pdf,22600,2026-09,,2026-09-24,yes,"all required trustees sign with ""trustee"" after the signature (same when a trust is the current owner); the grantor also signs","Where the New Owner is a trust, provide the signatures of all required trustees. ... The designation trustee must follow the trustee's signature.",Trust-owned life policies (Transfer of Ownership form 21132 12/2023 in kit 22600 09/2026),7,https://www.newyorklife.com/bin/nyl/api.forms/formslibrary/static/22600.pdf,22600,2026-09,,2026-09-24,not stated,,,,,,,,,,not stated,,,,,,,,,,not stated,,,,,,,,,,not stated,,,,,,,,,,not stated,,,,,,,,,
ins-pacific-life,Pacific Life Insurance Company,insurer,life,Trust-owned life insurance policies,no,yes,ownership change to a trust,"If the new Policyowner is a trust, the new Policyowner must complete the Trust Certification for In-Force Policies form (15-47910).",Trust-owned life insurance policies,2,https://life.myaccount.pacificlife.com/policyowner/ServiceForms/GetFile/BK-10349,,2026-04,,2026-09-24,yes,Trust Certification for In-Force Policies (15-47910),PLIC is relying exclusively on the representations in this Certification and not upon a review of the Trust document,Trust-owned life insurance policies,12,https://life.myaccount.pacificlife.com/policyowner/ServiceForms/GetFile/BK-10349,,2026-04,,2026-09-24,yes,only on request,Pacific Life Insurance Company (PLIC) reserves the right to request a copy of the Trust Document,Trust-owned life insurance policies,11,https://life.myaccount.pacificlife.com/policyowner/ServiceForms/GetFile/BK-10349,,2026-04,,2026-09-24,not stated,,,,,,,,,,yes,"all trustees and grantors sign the certification; for exercising rights the trust may choose all, any one or a majority of trustees (default all)",All current trustee's signatures are required ... All grantor's signatures are required when changing ownership to a trust,Trust-owned life insurance policies,13,https://life.myaccount.pacificlife.com/policyowner/ServiceForms/GetFile/BK-10349,,2026-04,,2026-09-24,not stated,,,,,,,,,,not stated,,,,,,,,,,yes,new certification signed by all current trustees; death certificate of a deceased trustee,There is a change of trustee(s) to certify the list of all currently authorized trustees ... provide a copy of the death certificate for any deceased ... trustee,Trust-owned life insurance policies,12,https://life.myaccount.pacificlife.com/policyowner/ServiceForms/GetFile/BK-10349,,2026-04,,2026-09-24,yes,death certificate on request,Is Grantor deceased? ... PLIC reserves the right to request a copy of the death certificate of any deceased Grantor.,Trust-owned life insurance policies,11,https://life.myaccount.pacificlife.com/policyowner/ServiceForms/GetFile/BK-10349,,2026-04,,2026-09-24,yes,new Trust Certification listing all current trustees,"There is a change of trustee(s) to certify the list of all currently authorized trustees. ... I agree to inform PLIC in writing of any Trust amendments, changes of Trustee(s)",Trust-owned life insurance policies,12,https://life.myaccount.pacificlife.com/policyowner/ServiceForms/GetFile/BK-10349,,2026-04,,2026-09-24
ins-principal,Principal Life Insurance Company,insurer,life,Principal individual life insurance owned by an irrevocable life insurance trust (ILIT),no,yes,"trust may be new or contingent owner of an individual life policy (Ownership Change Form DD 425-46); trust name, date and trustee names required","By removing ownership and control of a life insurance policy from an estate, an ILIT can help protect your property ... Type of New Owner: Individual Trust ... Trust Name including date of Trust and Trustee(s) Name(s)",Principal individual life insurance owned by an irrevocable life insurance trust (ILIT),web page,https://www.principal.com/individuals/insure/estate-planning-irrevocable-life-insurance-trusts,,,,2026-09-24,yes,Principal's own Trustee Certification and Indemnification form (obtained by phone) or full trust,"If changing ownership to a Trust, please submit a copy of the complete, signed trust document or the Trust Certification and Indemnification form. Call us to obtain this form.",Principal individual life insurance owned by an irrevocable life insurance trust (ILIT),1,https://secure02.principal.com/publicvsupply/GetFile?fm=DD425&ty=PDF&EXT=.PDF,,2025-01,2025-06-27,2026-09-24,no,full signed trust or the certification form,"please submit a copy of the complete, signed trust document or the Trust Certification and Indemnification form",Principal individual life insurance owned by an irrevocable life insurance trust (ILIT),1,https://secure02.principal.com/publicvsupply/GetFile?fm=DD425&ty=PDF&EXT=.PDF,,2025-01,2025-06-27,2026-09-24,not stated,,,,,,,,,,yes,trustee(s) sign with title for current and new trust owner,"Signatures Required for Change of Ownership for both current and new owner(s) ... Trustee(s). Title Required. ... New Owner Signature, include title if Corporate owned, or ""Trustee"" if Trust owned",Principal individual life insurance owned by an irrevocable life insurance trust (ILIT),5,https://secure02.principal.com/publicvsupply/GetFile?fm=DD425&ty=PDF&EXT=.PDF,,2025-01,2025-06-27,2026-09-24,not stated,,,,,,,,,,yes,trust EIN (W-9 section),Other entities (businesses or trusts) MUST provide their Employer Identification Number.,Principal individual life insurance owned by an irrevocable life insurance trust (ILIT),4,https://secure02.principal.com/publicvsupply/GetFile?fm=DD425&ty=PDF&EXT=.PDF,,2025-01,2025-06-27,2026-09-24,not stated,,,,,,,,,,not stated,,,,,,,,,,not stated,,,,,,,,,
ins-protective,Protective Life Insurance Company,insurer,life,Protective individual life policy owned by a trust,no,yes,trust may own the policy (application question; service forms),"Will a trust, including family trust, own this policy? ... If the policy is trust owned, please send a full copy of the Certificate of Trust or the sections of the",Protective individual life policy owned by a trust,4,https://www.lad3.protective.com/protectivelife/forms/pdf/RIA_IBAVA-AppPkt-TN.pdf,ANB-2175,2026-07,,2026-09-25,yes,"certificate of trust, or Protective's Trust Certification supplement at application","please send a full copy of the Certificate of Trust or the sections of the ... If Yes, complete the ""Trust Certification"" (Application Supplement Part III)",Protective individual life policy owned by a trust,4,https://www.lad3.protective.com/protectivelife/forms/pdf/SVC-102-PL.pdf,SVC-102-PL,2025-09,,2026-09-25,no,certificate of trust or listed sections,please send a full copy of the Certificate of Trust or the sections of the,Protective individual life policy owned by a trust,4,https://www.lad3.protective.com/protectivelife/forms/pdf/SVC-102-PL.pdf,SVC-102-PL,2025-09,,2026-09-25,yes,"title, trustee and successor trustee pages, trustee powers, pages on the life policy, signature page","trust that indicate the title of the trust, pages that list that Trustee/C-Trustees/Successor Trustees, ... trustee rights, any pages pertaining to the Life Insurance policy and the signature page.",Protective individual life policy owned by a trust,4,https://www.lad3.protective.com/protectivelife/forms/pdf/SVC-102-PL.pdf,SVC-102-PL,2025-09,,2026-09-25,yes,all applicable trustees sign,All applicable Trustees must sign.,Protective individual life policy owned by a trust,4,https://www.lad3.protective.com/protectivelife/forms/pdf/SVC-102-PL.pdf,SVC-102-PL,2025-09,,2026-09-25,not stated,,,,,,,,,,not stated,,,,,,,,,,not stated,,,,,,,,,,not stated,,,,,,,,,,not stated,,,,,,,,,
ins-sammons,"Sammons Financial Group (Midland National, North American)",insurer,life,Midland National and North American life policy owned by a trust,no,yes,new or transferred policies; no testamentary trust owners,When submitting a new application owned by a trust ... Upon change of ownership of an existing policy to or from a trust ... Please be advised that a Testamentary Trust cannot be an Owner.,Midland National and North American life policy owned by a trust,1,https://www.northamericancompany.com/documents/35457/142534/L-3172A_Certification+of+Trust+Agreement.pdf/796b1748-a87a-486b-8b00-a0f5d747e838?t=1683214226890,L3172A,,,2026-09-24,yes,"insurer's own form (North American L-3172A, Midland National 7519)",Certification of Trust Agreement ... When submitting a new application owned by a trust,Midland National and North American life policy owned by a trust,1,https://www.northamericancompany.com/documents/35457/142534/L-3172A_Certification+of+Trust+Agreement.pdf/796b1748-a87a-486b-8b00-a0f5d747e838?t=1683214226890,L3172A,,,2026-09-24,yes,on request only,Please be advised that the Insurer reserves the right to request and receive a copy of the Trust documents if it determines that it is necessary to do so.,Midland National and North American life policy owned by a trust,1,https://www.northamericancompany.com/documents/35457/142534/L-3172A_Certification+of+Trust+Agreement.pdf/796b1748-a87a-486b-8b00-a0f5d747e838?t=1683214226890,L3172A,,,2026-09-24,not stated,,,,,,,,,,yes,"all, a majority or any trustee; corporate trustee resolution (O-2927 / 27096)","The Trustee(s) certify that all documents pertaining to this Policy(ies) be signed by: (check one) ... For Corporate Trustees, you must submit a corporate resolution or Certificate of Business Signing Authority",Midland National and North American life policy owned by a trust,2,https://www.northamericancompany.com/documents/35457/142534/L-3172A_Certification+of+Trust+Agreement.pdf/796b1748-a87a-486b-8b00-a0f5d747e838?t=1683214226890,L3172A,,,2026-09-24,not stated,,,,,,,,,,yes,trust TIN asked,Tax Identification Number: ... Trust governed by the state of:,Midland National and North American life policy owned by a trust,1,https://www.midlandnational.com/documents/35453/72102/19306Y+-+Certification+of+Trust+Agreement.pdf/bde51249-88b5-9fd5-c935-9afd0aa1d236?t=1675100832160,19306Y,,,2026-09-24,yes,successor trustees named in advance on the certification,will rely upon the directions of the Trustees and any named Successor Trustee(s) identified in this form,Midland National and North American life policy owned by a trust,2,https://www.northamericancompany.com/documents/35457/142534/L-3172A_Certification+of+Trust+Agreement.pdf/796b1748-a87a-486b-8b00-a0f5d747e838?t=1683214226890,L3172A,,,2026-09-24,yes,proof the trust is still in force may be required,Before the insurer pays proceeds at the death of the Owner/Insured of the Policy(ies) it may also require proof that the Trust is then in full force and effect.,Midland National and North American life policy owned by a trust,1,https://www.northamericancompany.com/documents/35457/142534/L-3172A_Certification+of+Trust+Agreement.pdf/796b1748-a87a-486b-8b00-a0f5d747e838?t=1683214226890,L3172A,,,2026-09-24,yes,new certification or written notice of the change,Upon change of trustee(s) of an existing policy owned by a trust ... receives at its Executive Office written notification of a change of Trustee,Midland National and North American life policy owned by a trust,1,https://www.northamericancompany.com/documents/35457/142534/L-3172A_Certification+of+Trust+Agreement.pdf/796b1748-a87a-486b-8b00-a0f5d747e838?t=1683214226890,L3172A,,,2026-09-24
thrivent,Thrivent (Thrivent Funds direct accounts and IRAs),brokerage,life,Trust-owned Thrivent life insurance contract (Certification of Trust 24143A),no,yes,trust may own a contract; the owning trust must be the sole primary beneficiary,"If a contract is owned by a trust, naming a beneficiary other than the trust may cause legal and/or tax issues. ... naming a beneficiary other than the trust owner as a sole primary beneficiary cannot be accepted.",Trust-owned Thrivent life insurance contract (Certification of Trust 24143A),1,https://www.thrivent.com/files/28887.pdf,R6-26,,,2026-09-24,yes,Thrivent Certification of Trust form 24143A,No representative of Thrivent and its subsidiaries has authority to analyze trust documents or give advice when completing,Trust-owned Thrivent life insurance contract (Certification of Trust 24143A),62,https://www.thrivent.com/content/start-now/files/wl19_al_packet.pdf,ICC18,,,2026-09-24,not stated,,,,,,,,,,not stated,,,,,,,,,,yes,"all trustees in CA, ID, IA, MO, NE, NV, NJ, OR, else one; notary stamp when a trustee lives in ID, MI, MN, NE, NV, TN or VT","When any currently acting trustee is a resident of California, Idaho, Iowa, Missouri, Nebraska, Nevada, New Jersey, or Oregon, all currently acting trustees must sign the Certification of Trust. In all other states, only one trustee's signature is required. ... Affix notary stamp here (required when",Trust-owned Thrivent life insurance contract (Certification of Trust 24143A),64,https://www.thrivent.com/content/start-now/files/wl19_al_packet.pdf,ICC18,,,2026-09-24,yes,"name, SSN, address and date of birth of each acting trustee",Identification of Currently Acting Trustee(s) - Complete for all currently acting trustee(s).,Trust-owned Thrivent life insurance contract (Certification of Trust 24143A),62,https://www.thrivent.com/content/start-now/files/wl19_al_packet.pdf,ICC18,,,2026-09-24,yes,irrevocable trust EIN; revocable trust grantor SSN,Irrevocable - Trust Employer Identification Number (EIN) ... Social Security number of grantor ... no account/contract will be accepted without a valid TIN,Trust-owned Thrivent life insurance contract (Certification of Trust 24143A),62,https://www.thrivent.com/content/start-now/files/wl19_al_packet.pdf,ICC18,,,2026-09-24,yes,no proof of succession; Tennessee trustees list successor trustees,I authorize Thrivent to rely upon the authority of one or more successors to act without proof of their succession,Trust-owned Thrivent life insurance contract (Certification of Trust 24143A),64,https://www.thrivent.com/content/start-now/files/wl19_al_packet.pdf,ICC18,,,2026-09-24,yes,"notify Thrivent; if the owning revocable trust has ended and no beneficiary exists, proceeds go to the grantors","Provide notification upon the death of any trust grantor(s) for revocable trusts in order for cost basis to be adjusted. ... If a revocable trust is the owner, and the trust is not in effect at the death of the Insured, and there is no living or existing beneficiary, the proceeds shall be paid to the designated grantor(s) equally",Trust-owned Thrivent life insurance contract (Certification of Trust 24143A),64,https://www.thrivent.com/content/start-now/files/wl19_al_packet.pdf,ICC18,,,2026-09-24,yes,trustee must notify Thrivent of changes (written revocation or amendment),I will promptly inform Thrivent of any changes in the representations contained in this certification,Trust-owned Thrivent life insurance contract (Certification of Trust 24143A),64,https://www.thrivent.com/content/start-now/files/wl19_al_packet.pdf,ICC18,,,2026-09-24
ins-transamerica,Transamerica Life Insurance Company,insurer,life,Trust-owned Transamerica Life policy,no,yes,"yes, trust as policy owner",TRUST-OWNED POLICIES: The complete name and date of the trust should be listed in Section 1.,Trust-owned Transamerica Life policy,1,https://ani.transamerica.com/ani/Uploads/Pages/44152/BEN-CCC%2002-2014%202%20Co%20FILLABLE.pdf,,2015-10,,2026-09-24,yes,Transamerica Trustee Certification Form (plus corporate resolution for a corporate trustee),"A Trustee Certification Form and a copy of a Corporate Resolution, if applicable, for a corporate trustee, must be on file or included with this Beneficiary Change Form.",Trust-owned Transamerica Life policy,1,https://ani.transamerica.com/ani/Uploads/Pages/44152/BEN-CCC%2002-2014%202%20Co%20FILLABLE.pdf,,2015-10,,2026-09-24,not stated,,,,,,,,,,not stated,,,,,,,,,,yes,trustees sign with their title as trustee,"Trustee(s) must sign in Section 4, and include their title as trustee(s). ... All policy owners must sign this Beneficiary Designation Form.",Trust-owned Transamerica Life policy,1,https://ani.transamerica.com/ani/Uploads/Pages/44152/BEN-CCC%2002-2014%202%20Co%20FILLABLE.pdf,,2015-10,,2026-09-24,not stated,,,,,,,,,,not stated,,,,,,,,,,not stated,,,,,,,,,,not stated,,,,,,,,,,not stated,,,,,,,,,
transamerica-401k,Transamerica Retirement Solutions,recordkeeper,life,Trust-owned Transamerica Life policy,no,yes,"yes, trust as policy owner",TRUST-OWNED POLICIES: The complete name and date of the trust should be listed in Section 1.,Trust-owned Transamerica Life policy,1,https://ani.transamerica.com/ani/Uploads/Pages/44152/BEN-CCC%2002-2014%202%20Co%20FILLABLE.pdf,,2015-10,,2026-09-24,yes,Transamerica Trustee Certification Form (plus corporate resolution for a corporate trustee),"A Trustee Certification Form and a copy of a Corporate Resolution, if applicable, for a corporate trustee, must be on file or included with this Beneficiary Change Form.",Trust-owned Transamerica Life policy,1,https://ani.transamerica.com/ani/Uploads/Pages/44152/BEN-CCC%2002-2014%202%20Co%20FILLABLE.pdf,,2015-10,,2026-09-24,not stated,,,,,,,,,,not stated,,,,,,,,,,yes,trustees sign with their title as trustee,"Trustee(s) must sign in Section 4, and include their title as trustee(s). ... All policy owners must sign this Beneficiary Designation Form.",Trust-owned Transamerica Life policy,1,https://ani.transamerica.com/ani/Uploads/Pages/44152/BEN-CCC%2002-2014%202%20Co%20FILLABLE.pdf,,2015-10,,2026-09-24,not stated,,,,,,,,,,not stated,,,,,,,,,,not stated,,,,,,,,,,not stated,,,,,,,,,,not stated,,,,,,,,,
pen-nystrs,New York State Teachers' Retirement System (NYSTRS),pension,pension,NYSTRS pension benefit and trust (monthly benefit deposited to a trust-titled bank account),no,no,benefit cannot be assigned; the monthly payment may go to a bank account titled to a revocable trust or an irrevocable trust solely for the member,"Education Law §524 provides that a member's benefit is unassignable. However, you may deposit your monthly pension benefit into a bank account titled to a trust provided the trust meets all of the following requirements ... The trust must be (1) revocable; or (2) irrevocable and solely for the member's benefit.",NYSTRS pension benefit and trust (monthly benefit deposited to a trust-titled bank account),web page,https://www.nystrs.org/library/publications/legal/trust-faqs/,,,2025-08-09,2026-09-24,yes,NYSTRS form LEG-2 only; attorney-drafted certification refused,"Certification of Trust for Direct Deposit (LEG-2), signed by the current Trustee ... an attorney-drafted Certification of Trust is not acceptable for direct deposit to a trust.",NYSTRS pension benefit and trust (monthly benefit deposited to a trust-titled bank account),10,https://www.nystrs.org/getmedia/d9f2590a-f7ac-48e6-a7d8-f49d101d4660/legal_update.pdf,LEG-1,,,2026-09-24,yes,complete trust copy required with LEG-2 and GRE-54,A complete copy of your trust.,NYSTRS pension benefit and trust (monthly benefit deposited to a trust-titled bank account),10,https://www.nystrs.org/getmedia/d9f2590a-f7ac-48e6-a7d8-f49d101d4660/legal_update.pdf,LEG-1,,,2026-09-24,not stated,,,,,,,,,,yes,current trustee signs LEG-2; member or agent signs GRE-54,"Certification of Trust for Direct Deposit (LEG-2), signed by the current Trustee",NYSTRS pension benefit and trust (monthly benefit deposited to a trust-titled bank account),10,https://www.nystrs.org/getmedia/d9f2590a-f7ac-48e6-a7d8-f49d101d4660/legal_update.pdf,LEG-1,,,2026-09-24,not stated,,,,,,,,,,yes,"member's SSN for trust and account, even for a joint trust",The Tax ID for the trust and bank account must include the member's Social Security number and may not be solely the spouse's Social Security number.,NYSTRS pension benefit and trust (monthly benefit deposited to a trust-titled bank account),web page,https://www.nystrs.org/library/publications/legal/trust-faqs/,,,2025-08-09,2026-09-24,not stated,,,,,,,,,,not stated,,,,,,,,,,not stated,,,,,,,,,
